"","id","author","history","date","bid"
"1","p2739524","Taylor Larimore",24851,2016-01-01 16:03:00,2016
"2","p2739525","mudfud",1194,2016-01-01 16:04:00,2244
"3","p2739528","Higman",202,2016-01-01 16:07:00,2143.51
"4","p2739533","theduke",589,2016-01-01 16:08:00,2043.94
"5","p2739540","Mel Lindauer",26328,2016-01-01 16:10:00,1313.13
"6","p2739541","Miriam2",1213,2016-01-01 16:11:00,2062
"7","p2739542","veggivet",154,2016-01-01 16:11:00,2289.42
"8","p2739543","FrugalFrida",90,2016-01-01 16:12:00,2220
"9","p2739544","Hodor",199,2016-01-01 16:12:00,2125
"10","p2739546","LadyGeek",34906,2016-01-01 16:12:00,2092.99
"11","p2739547","Deadwood",34,2016-01-01 16:12:00,2175
"12","p2739548","fkampere",54,2016-01-01 16:13:00,1925.99
"13","p2739549","JohnnyB",19,2016-01-01 16:13:00,2029.16
"14","p2739551","Emeralds",19,2016-01-01 16:13:00,2272.77
"15","p2739552","Willmunny",18,2016-01-01 16:14:00,1802
"16","p2739554","AQ",416,2016-01-01 16:15:00,2216.66
"17","p2739555","jfn111",726,2016-01-01 16:16:00,2145.15
"18","p2739557","cfs",3333,2016-01-01 16:17:00,2167.39
"19","p2739560","MP1233",127,2016-01-01 16:19:00,2085.81
"20","p2739561","g$$",396,2016-01-01 16:20:00,2331
"21","p2739563","Roverdog",475,2016-01-01 16:20:00,2238.89
"22","p2739564","BigFoot48",2424,2016-01-01 16:21:00,1980
"23","p2739565","theDON2050",70,2016-01-01 16:21:00,2065.4
"24","p2739567","clip651",191,2016-01-01 16:22:00,2240
"25","p2739570","Avo",889,2016-01-01 16:25:00,2222.22
"26","p2739571","pennstater2005",2017,2016-01-01 16:26:00,2339.51
"27","p2739575","simplesimon",2796,2016-01-01 16:26:00,2773.11
"28","p2739577","BeneIRA",160,2016-01-01 16:27:00,1867
"29","p2739578","Brian96",18,2016-01-01 16:27:00,2444.87
"30","p2739581","KingsBench",34,2016-01-01 16:28:00,2099
"31","p2739582","samsmith",67,2016-01-01 16:28:00,1909
"32","p2739583","investor",975,2016-01-01 16:28:00,2350.532
"33","p2739585","trueblueky",1063,2016-01-01 16:29:00,2098.82
"34","p2739586","Christine_NM",2395,2016-01-01 16:30:00,2263.49
"35","p2739587","patrick013",1137,2016-01-01 16:31:00,2205.01
"36","p2739589","joebh",1708,2016-01-01 16:31:00,2243
"37","p2739590","LowER",673,2016-01-01 16:31:00,2137.75
"38","p2739599","dore",103,2016-01-01 16:34:00,1847.47
"39","p2739602","southport",141,2016-01-01 16:35:00,2151.52
"40","p2739605","harlan247",16,2016-01-01 16:38:00,2320
"41","p2739608","mc7",20,2016-01-01 16:40:00,2162.31
"42","p2739610","vitaflo",660,2016-01-01 16:42:00,1946.64
"43","p2739614","JMacDonald",1901,2016-01-01 16:43:00,2227.67
"44","p2739616","k66",336,2016-01-01 16:45:00,3294.4
"45","p2739622","Minot",378,2016-01-01 16:46:00,2086.18
"46","p2739623","randomizer",194,2016-01-01 16:47:00,2198.12
"47","p2739627","whonoze",29,2016-01-01 16:48:00,2180
"48","p2739630","Tortuga",102,2016-01-01 16:49:00,2177
"49","p2739632","renue74",579,2016-01-01 16:51:00,2101
"50","p2739633","grok87",7126,2016-01-01 16:51:00,2126
"51","p2739636","ShadyOaks",4,2016-01-01 16:53:00,2207.14
"52","p2739637","Marker",4,2016-01-01 16:53:00,1997
"53","p2739638","grok87",7126,2016-01-01 16:53:00,2015
"54","p2739640","hq38sq43",402,2016-01-01 16:54:00,2207.5
"55","p2739643","billyo44",17,2016-01-01 16:54:00,2209.5
"56","p2739645","rock581",14,2016-01-01 16:55:00,2162.26
"57","p2739648","Gropes & Ray",824,2016-01-01 16:57:00,2078.72
"58","p2739653","HomoLudens",112,2016-01-01 16:58:00,2017.31
"59","p2739654","LAlearning",1365,2016-01-01 16:59:00,2085
"60","p2739662","mbres60",728,2016-01-01 17:03:00,2146.32
"61","p2739665","Chicago60",240,2016-01-01 17:03:00,1785.28
"62","p2739666","Igglesman",433,2016-01-01 17:05:00,2317.94
"63","p2739677","Big Mig",9,2016-01-01 17:09:00,2169.44
"64","p2739689","Frank2012",48,2016-01-01 17:15:00,1797
"65","p2739704","dbltrbl",638,2016-01-01 17:22:00,1647.78
"66","p2739705","mister_sparkle",162,2016-01-01 17:22:00,2177.5
"67","p2739707","bombcar",372,2016-01-01 17:23:00,2295.34
"68","p2739709","Daryl",245,2016-01-01 17:23:00,2073.31
"69","p2739710","ww340",133,2016-01-01 17:23:00,2120.2
"70","p2739713","krill",11,2016-01-01 17:24:00,2182.01
"71","p2739715","blueblock",607,2016-01-01 17:25:00,2090
"72","p2739721","FreeAtLast",444,2016-01-01 17:28:00,1880.46
"73","p2739730","vin44",4,2016-01-01 17:30:00,2090.1
"74","p2739734","Dan_NoVA",13,2016-01-01 17:32:00,2222
"75","p2739737","renter",302,2016-01-01 17:32:00,1250.5
"76","p2739739","sport",5035,2016-01-01 17:33:00,2187
"77","p2739742","Stonebr",1430,2016-01-01 17:37:00,2210
"78","p2739744","L.Washington",3,2016-01-01 17:37:00,2112.76
"79","p2739747","Big Snack",26,2016-01-01 17:39:00,1967.13
"80","p2739749","Adam11",27,2016-01-01 17:40:00,1985.09
"81","p2739752","kylevet",17,2016-01-01 17:41:00,2190.2
"82","p2739756","PedsDoc",25,2016-01-01 17:42:00,2241.65
"83","p2739768","madpunster",101,2016-01-01 17:46:00,2345.67
"84","p2739771","dolphintraveler",61,2016-01-01 17:46:00,2009.04
"85","p2739772","parsi1",197,2016-01-01 17:47:00,2016
"86","p2739784","stratton",11070,2016-01-01 17:51:00,1900
"87","p2739785","cheese_breath",6920,2016-01-01 17:52:00,1930
"88","p2739788","Sally",305,2016-01-01 17:54:00,2166.58
"89","p2739791","BHCadet",390,2016-01-01 17:55:00,2209.49
"90","p2739799","JoMoney",3724,2016-01-01 17:59:00,2288.88
"91","p2739814","JDaniels",242,2016-01-01 18:07:00,2164.53
"92","p2739816","Marester",25,2016-01-01 18:09:00,2108
"93","p2739819","letsgobobby",9675,2016-01-01 18:11:00,1658.74
"94","p2739820","tycho",6,2016-01-01 18:11:00,2084.81
"95","p2739826","indexfundfan",1734,2016-01-01 18:14:00,2252.8
"96","p2739829","Rick Ferri",8200,2016-01-01 18:16:00,2452.73
"97","p2739831","FRANK2009",266,2016-01-01 18:19:00,2125.7
"98","p2739833","stlutz",3462,2016-01-01 18:20:00,2330.09
"99","p2739834","Silence Dogood",628,2016-01-01 18:21:00,2055
"100","p2739839","TXJuice",111,2016-01-01 18:25:00,2126.87
"101","p2739841","aorin",26,2016-01-01 18:26:00,2198.7
"102","p2739853","PugetSoundguy",116,2016-01-01 18:35:00,2188
"103","p2739861","BigJohn",1235,2016-01-01 18:42:00,1858.9
"104","p2739862","Wabbit",100,2016-01-01 18:42:00,1840
"105","p2739864","maverick1968",13,2016-01-01 18:43:00,2146.16
"106","p2739871","coude_cath",2,2016-01-01 18:50:00,2289.21
"107","p2739885","chw",212,2016-01-01 19:04:00,2202.41
"108","p2739892","Meaty",446,2016-01-01 19:11:00,2248
"109","p2739897","anonforthis",409,2016-01-01 19:13:00,2144
"110","p2739899","Cwise",16,2016-01-01 19:14:00,2207.46
"111","p2739905","oldzey",490,2016-01-01 19:16:00,2181.81
"112","p2739909","walletless",605,2016-01-01 19:18:00,2150
"113","p2739915","jmg229",306,2016-01-01 19:23:00,2145.73
"114","p2739916","chonp3",59,2016-01-01 19:25:00,2120
"115","p2739918","iaminam",23,2016-01-01 19:26:00,2129.93
"116","p2739919","nwrolla",133,2016-01-01 19:27:00,2131
"117","p2739920","J295",807,2016-01-01 19:27:00,2244
"118","p2739921","GoldenFinch",1024,2016-01-01 19:27:00,2182.49
"119","p2739929","jlegato",5,2016-01-01 19:31:00,2100
"120","p2739933","Compound",327,2016-01-01 19:32:00,1997
"121","p2739935","tacster",244,2016-01-01 19:33:00,2249.34
"122","p2739943","JWooden10",48,2016-01-01 19:37:00,2225
"123","p2739945","Ice-9",1090,2016-01-01 19:37:00,1696.25
"124","p2739947","JI0124",35,2016-01-01 19:38:00,2115.27
"125","p2739948","Teague",396,2016-01-01 19:40:00,1980.56
"126","p2739950","Dantes",81,2016-01-01 19:41:00,2024.78
"127","p2739958","sls239",856,2016-01-01 19:45:00,2080
"128","p2739961","BostonBoy",122,2016-01-01 19:46:00,2185.5
"129","p2739965","YttriumNitrate",1062,2016-01-01 19:47:00,NA
"130","p2739982","amphora",174,2016-01-01 19:57:00,2154.25
"131","p2739987","triceratop",1441,2016-01-01 19:59:00,1831
"132","p2740000","alisa4804",349,2016-01-01 20:05:00,2016
"133","p2740001","Purelife304",211,2016-01-01 20:05:00,2453.73
"134","p2740002","TIAX",494,2016-01-01 20:06:00,2199
"135","p2740004","tnjj",17,2016-01-01 20:07:00,2323.97
"136","p2740016","necrotic",21,2016-01-01 20:12:00,2113.45
"137","p2740024","camper",835,2016-01-01 20:16:00,2004.13
"138","p2740030","Justin87",27,2016-01-01 20:20:00,2226.17
"139","p2740034","MidFlorida1214",14,2016-01-01 20:21:00,1993.65
"140","p2740038","EyeYield",464,2016-01-01 20:23:00,2326.55
"141","p2740041","Flobes",680,2016-01-01 20:24:00,2121.72
"142","p2740043","Atomic",13,2016-01-01 20:24:00,2222.23
"143","p2740046","Boglenaut",3090,2016-01-01 20:26:00,2221.967174
"144","p2740059","mark18068",31,2016-01-01 20:33:00,2193.35
"145","p2740061","spin_echo",146,2016-01-01 20:33:00,2101.12
"146","p2740064","Cb",273,2016-01-01 20:36:00,2105
"147","p2740067","Gill",2784,2016-01-01 20:38:00,2175.67
"148","p2740070","bac573",67,2016-01-01 20:44:00,1914.77
"149","p2740074","ge1",212,2016-01-01 20:47:00,1731
"150","p2740076","TimeRunner",885,2016-01-01 20:48:00,2108
"151","p2740086","gkaplan",6515,2016-01-01 20:54:00,1926
"152","p2740091","runner26",451,2016-01-01 20:58:00,2212.04
"153","p2740097","stemikger",4024,2016-01-01 20:59:00,2100
"154","p2740101","dodecahedron",2696,2016-01-01 21:01:00,2555
"155","p2740111","swellkarl",23,2016-01-01 21:11:00,2219
"156","p2740116","mattshwink",258,2016-01-01 21:12:00,2187
"157","p2740121","Keeper33",1,2016-01-01 21:15:00,1765.65
"158","p2740123","nordsteve",526,2016-01-01 21:15:00,1830
"159","p2740128","DCChak",25,2016-01-01 21:20:00,2135
"160","p2740133","The Wizard",9249,2016-01-01 21:22:00,1941.74
"161","p2740136","protagonist",4453,2016-01-01 21:26:00,NA
"162","p2740138","jwillis77373",374,2016-01-01 21:27:00,2305.16
"163","p2740142","athan",70,2016-01-01 21:29:00,2287
"164","p2740151","chi_ra",3,2016-01-01 21:34:00,2196.83
"165","p2740158","protagonist",4453,2016-01-01 21:36:00,1600
"166","p2740159","hornet96",354,2016-01-01 21:38:00,2299.43
"167","p2740160","galectin",133,2016-01-01 21:39:00,2180.44
"168","p2740161","docbrown",49,2016-01-01 21:41:00,2131.83
"169","p2740168","iRetina",18,2016-01-01 21:43:00,2120
"170","p2740174","CUBuffs",115,2016-01-01 21:46:00,2016
"171","p2740182","Grt2bOutdoors",15116,2016-01-01 21:50:00,2149.94
"172","p2740195","fortyofforty",743,2016-01-01 21:54:00,1637.4
"173","p2740231","amitb00",282,2016-01-01 22:17:00,2116
"174","p2740252","larrydmsn",73,2016-01-01 22:32:00,2016.12
"175","p2740267","wolf359",610,2016-01-01 22:39:00,1961.2
"176","p2740269","vginvestor",14,2016-01-01 22:41:00,2148.5
"177","p2740276","oragne lovre",454,2016-01-01 22:46:00,2099.9
"178","p2740284","saltycaper",1696,2016-01-01 22:52:00,2131
"179","p2740286","doglaws",10,2016-01-01 22:55:00,1634.4
"180","p2740287","grabiner",18900,2016-01-01 22:56:00,1812
"181","p2740288","Sheepdog",4477,2016-01-01 22:57:00,2135.92
"182","p2740297","MeVe671",6,2016-01-01 23:03:00,2016.9
"183","p2740303","Zott",133,2016-01-01 23:09:00,2279.81
"184","p2740305","MathMajor",3,2016-01-01 23:10:00,2152.56
"185","p2740308","Dwayne",21,2016-01-01 23:11:00,2156.35
"186","p2740315","g koz",111,2016-01-01 23:19:00,2194.33
"187","p2740317","bhtomj",77,2016-01-01 23:20:00,2208.01
"188","p2740318","jj",153,2016-01-01 23:21:00,2107.77
"189","p2740322","auntie",261,2016-01-01 23:22:00,1945
"190","p2740329","michaelsieg",517,2016-01-01 23:27:00,1648
"191","p2740332","quantAndHold",841,2016-01-01 23:32:00,2135.98
"192","p2740335","naha66",94,2016-01-01 23:34:00,2155.55
"193","p2740343","moshe",389,2016-01-01 23:43:00,2177
"194","p2740349","resurgemus",15,2016-01-01 23:47:00,2105.26
"195","p2740351","senhati",16,2016-01-01 23:48:00,2150.5
"196","p2740358","Carl53",1284,2016-01-02 00:01:00,2086.33
"197","p2740362","paco sabio",19,2016-01-02 00:06:00,2208.08
"198","p2740371","Xanadu",187,2016-01-02 00:12:00,1976.07
"199","p2740377","pondering",614,2016-01-02 00:16:00,2187.02
"200","p2740379","pondering",614,2016-01-02 00:18:00,NA
"201","p2740391","SAB",24,2016-01-02 00:28:00,1694.27
"202","p2740394","stussy",8,2016-01-02 00:31:00,2134
"203","p2740399","speedbump101",997,2016-01-02 00:38:00,2197.23
"204","p2740403","AlanDistro",27,2016-01-02 00:46:00,2224
"205","p2740418","jwillis77373",374,2016-01-02 01:13:00,NA
"206","p2740424","GreatOdinsRaven",348,2016-01-02 01:20:00,2309
"207","p2740431","MnD",2786,2016-01-02 01:33:00,2411.86
"208","p2740438","StormShadow",461,2016-01-02 02:07:00,2257.14
"209","p2740444","2comma",845,2016-01-02 02:25:00,2111.11
"210","p2740446","curiousinvestor",75,2016-01-02 02:26:00,2001.97
"211","p2740448","Dovahkiin",38,2016-01-02 02:34:00,2133.7
"212","p2740451","Penn State Bob",40,2016-01-02 02:37:00,2152.12
"213","p2740454","westcoast",142,2016-01-02 02:42:00,2280.4
"214","p2740456","FastEd",14,2016-01-02 02:49:00,2122.12
"215","p2740472","Mudpuppy",4507,2016-01-02 03:58:00,2174.51
"216","p2740483","basspond",746,2016-01-02 04:34:00,2155.75
"217","p2740488","red5",728,2016-01-02 05:28:00,1948.58
"218","p2740497","oncorhynchus",107,2016-01-02 06:18:00,2125.7
"219","p2740498","Cernel",263,2016-01-02 06:22:00,2142.9
"220","p2740501","Traveller",488,2016-01-02 06:39:00,2191
"221","p2740502","Bustoff",1968,2016-01-02 06:44:00,1953
"222","p2740503","JCE66",206,2016-01-02 06:49:00,2108.15
"223","p2740505","tyrnup13",37,2016-01-02 06:50:00,1941.76
"224","p2740511","dustytown",12,2016-01-02 06:55:00,2028.69
"225","p2740514","Doreamon",47,2016-01-02 07:04:00,1972
"226","p2740523","jon-nyc",919,2016-01-02 07:21:00,1968.9
"227","p2740530","stickman731",215,2016-01-02 07:35:00,2207.31
"228","p2740533","ERMD",249,2016-01-02 07:42:00,1979.96
"229","p2740535","Call_Me_Op",6315,2016-01-02 07:45:00,2207.12
"230","p2740539","Swampy",696,2016-01-02 07:51:00,1573.83
"231","p2740562","KarenC",21,2016-01-02 08:15:00,2208.71
"232","p2740564","sumi",18,2016-01-02 08:18:00,2145
"233","p2740581","crg11",376,2016-01-02 08:34:00,2300
"234","p2740602","fortyofforty",743,2016-01-02 08:51:00,NA
"235","p2740608","BTDT",696,2016-01-02 08:58:00,2250.1
"236","p2740612","Hop",6,2016-01-02 09:03:00,2207.46
"237","p2740613","goingup",1937,2016-01-02 09:04:00,2167
"238","p2740616","rustymutt",3496,2016-01-02 09:06:00,2203
"239","p2740644","moodindigo",9,2016-01-02 09:25:00,1978.54
"240","p2740651","vested1",901,2016-01-02 09:31:00,2105.05
"241","p2740655","AllenSmith",112,2016-01-02 09:34:00,2109.38
"242","p2740667","exoilman",624,2016-01-02 09:41:00,2055.26
"243","p2740669","elgob.bogle",662,2016-01-02 09:44:00,1993.33
"244","p2740685","Aptenodytes",3693,2016-01-02 09:57:00,2110.04
"245","p2740700","Aptenodytes",3693,2016-01-02 10:01:00,NA
"246","p2740706","xystici",296,2016-01-02 10:03:00,1849.5
"247","p2740711","LiveSimple",725,2016-01-02 10:06:00,2323.23
"248","p2740722","goalie",138,2016-01-02 10:09:00,1750.65
"249","p2740726","jf89",304,2016-01-02 10:14:00,2225.88
"250","p2740732","minesweep",1055,2016-01-02 10:18:00,2270.97
"251","p2740736","boglengineer",28,2016-01-02 10:21:00,2013.98
"252","p2740738","TheTimeLord",3282,2016-01-02 10:21:00,2452
"253","p2740757","VA_Gent",145,2016-01-02 10:33:00,1500
"254","p2740758","lumpy",1,2016-01-02 10:33:00,2230
"255","p2740760","CABob",4118,2016-01-02 10:34:00,2121.21
"256","p2740773","FrugalInvestor",4039,2016-01-02 10:42:00,2225.72
"257","p2740814","jadi",1,2016-01-02 11:05:00,2247
"258","p2740860","slow n steady",196,2016-01-02 11:39:00,2273.81
"259","p2740862","midareff",4331,2016-01-02 11:42:00,2000
"260","p2740863","SimonJester",1011,2016-01-02 11:42:00,2150
"261","p2740921","Ana Z",9,2016-01-02 12:26:00,2017.15
"262","p2740925","corysold",457,2016-01-02 12:32:00,2082.77
"263","p2740931","SquawkIdent",289,2016-01-02 12:35:00,1963.42
"264","p2740935","nbseer",129,2016-01-02 12:37:00,1997.13
"265","p2740937","locald00d",5,2016-01-02 12:38:00,1984.2
"266","p2740945","JPH",513,2016-01-02 12:42:00,2121.21
"267","p2740988","bdavidson",102,2016-01-02 13:15:00,2058.9
"268","p2740998","Whit",50,2016-01-02 13:24:00,2269.02
"269","p2741003","artthomp",305,2016-01-02 13:26:00,2146
"270","p2741013","zotty",841,2016-01-02 13:31:00,2166
"271","p2741019","jimmyq",74,2016-01-02 13:36:00,2283.08
"272","p2741022","pennywise777",12,2016-01-02 13:37:00,1151.63
"273","p2741048","Salty1",84,2016-01-02 13:54:00,2258.13
"274","p2741076","imbogled",110,2016-01-02 14:16:00,2199.99
"275","p2741077","Lafder",3317,2016-01-02 14:17:00,2056.134
"276","p2741093","bikeguyken",52,2016-01-02 14:32:00,2104.2
"277","p2741156","spth",99,2016-01-02 15:14:00,2005
"278","p2741160","TallBoy29er",148,2016-01-02 15:17:00,2005.8
"279","p2741167","abuss368",10988,2016-01-02 15:22:00,2124.49
"280","p2741182","Anon1234",740,2016-01-02 15:29:00,2187.02
"281","p2741190","gks",189,2016-01-02 15:35:00,2166.58
"282","p2741194","Drewman",69,2016-01-02 15:37:00,2084.1
"283","p2741197","TomP10",101,2016-01-02 15:38:00,1634
"284","p2741215","gdetore",134,2016-01-02 15:54:00,2054.54
"285","p2741220","Thrift Shop",47,2016-01-02 16:00:00,1825.2
"286","p2741225","toblerone",92,2016-01-02 16:01:00,2291.21
"287","p2741227","jane1",695,2016-01-02 16:02:00,2193.1
"288","p2741234","hadron",18,2016-01-02 16:08:00,1950.01
"289","p2741248","tekenn",19,2016-01-02 16:17:00,2300.01
"290","p2741251","kumar6851",8,2016-01-02 16:19:00,2112
"291","p2741254","timboktoo",664,2016-01-02 16:20:00,2148.18
"292","p2741265","webslinger",95,2016-01-02 16:29:00,1839.55
"293","p2741270","burgrat",190,2016-01-02 16:43:00,2159.6
"294","p2741295","digarei",475,2016-01-02 17:06:00,NA
"295","p2741305","IlliniDave",2010,2016-01-02 17:14:00,2112.64
"296","p2741328","amock",1,2016-01-02 17:37:00,2189.72
"297","p2741349","r60rider",21,2016-01-02 17:51:00,2105.25
"298","p2741364","Groundhog",190,2016-01-02 18:06:00,2243.16
"299","p2741368","EnjoyIt",1125,2016-01-02 18:10:00,2222.22
"300","p2741370","cudaman",350,2016-01-02 18:11:00,1899.99
"301","p2741379","nodenuff2",282,2016-01-02 18:25:00,2235.81
"302","p2741385","Grapevine ATL",92,2016-01-02 18:33:00,2164.736
"303","p2741400","tuningfork",191,2016-01-02 18:54:00,2106.12
"304","p2741408","Terraplane",28,2016-01-02 19:02:00,2252
"305","p2741425","2DrsSeekFreedom",13,2016-01-02 19:12:00,1856.35
"306","p2741429","Info_Hound",233,2016-01-02 19:13:00,2146.03
"307","p2741458","tennisplyr",1044,2016-01-02 19:33:00,2136.56
"308","p2741482","Bruce",297,2016-01-02 19:44:00,2098.5
"309","p2741522","uuuuu",12,2016-01-02 20:08:00,2201.38
"310","p2741531","mediocreCPA",14,2016-01-02 20:13:00,2181.7
"311","p2741543","StevieG72",290,2016-01-02 20:21:00,2391.41
"312","p2741553","loveyourheart",7,2016-01-02 20:31:00,2222.22
"313","p2741564","Namashkar",55,2016-01-02 20:38:00,2143.94
"314","p2741570","kirent",527,2016-01-02 20:40:00,2200
"315","p2741577","Schu",64,2016-01-02 20:42:00,1630
"316","p2741605","BSA44",87,2016-01-02 21:20:00,2236
"317","p2741613","Azathoth",6,2016-01-02 21:29:00,2176.77
"318","p2741617","froggy",46,2016-01-02 21:33:00,2252.01
"319","p2741624","Random Musings",5201,2016-01-02 21:38:00,1565.65
"320","p2741654","Jaxfann",63,2016-01-02 22:00:00,2145.1
"321","p2741666","dave2589",41,2016-01-02 22:12:00,2175.794
"322","p2741683","noraz123",117,2016-01-02 22:29:00,2127.73
"323","p2741688","Saluki31",91,2016-01-02 22:34:00,2271.02
"324","p2741697","SurferD",118,2016-01-02 22:52:00,2219
"325","p2741702","DEZ1",45,2016-01-02 22:59:00,2311
"326","p2741715","paper200",246,2016-01-02 23:14:00,2200
"327","p2741725","bstevlin",138,2016-01-02 23:26:00,1875.47
"328","p2741727","AzRunner",990,2016-01-02 23:28:00,2299.43
"329","p2741733","HuckFinn",35,2016-01-02 23:33:00,2129.79
"330","p2741753","MNGopher",141,2016-01-03 00:07:00,2016.12
"331","p2741762","DG99999",147,2016-01-03 00:20:00,2207.46
"332","p2741764","brewsky",8,2016-01-03 00:26:00,2323.23
"333","p2741770","Raymond",1026,2016-01-03 00:34:00,2456
"334","p2741775","jstash",54,2016-01-03 00:46:00,2132.75
"335","p2741787","FinancialDave",1443,2016-01-03 01:26:00,2174.9
"336","p2741792","BobSail",46,2016-01-03 01:52:00,2180.9
"337","p2741800","thomasbayarea",345,2016-01-03 02:25:00,2420
"338","p2741802","bzargarcia",35,2016-01-03 02:39:00,2177.36
"339","p2741808","boo-yah",32,2016-01-03 02:54:00,2222.33
"340","p2741812","jefmafnl",376,2016-01-03 03:01:00,2044
"341","p2741820","black",1,2016-01-03 03:36:00,2300
"342","p2741822","ray.james",711,2016-01-03 03:41:00,2304
"343","p2741835","FiveK",1722,2016-01-03 04:40:00,2189.5
"344","p2741840","Polymath",100,2016-01-03 05:13:00,2129.9
"345","p2741843","Aish",128,2016-01-03 05:20:00,2006
"346","p2741850","SGM",1976,2016-01-03 05:51:00,2123
"347","p2741899","MSchleicher",81,2016-01-03 08:14:00,2184.65
"348","p2741904","bosman",7,2016-01-03 08:17:00,2265.65
"349","p2741919","kdub",29,2016-01-03 08:37:00,1842
"350","p2741933","that_guy",3,2016-01-03 08:48:00,2139.3
"351","p2741949","Makaveli",458,2016-01-03 09:09:00,2222.22
"352","p2741991","indexlover",23,2016-01-03 10:05:00,2207.46
"353","p2741993","selftalk",832,2016-01-03 10:06:00,2171.68
"354","p2742000","david9117",109,2016-01-03 10:08:00,2207.58
"355","p2742111","dbCooperAir",1107,2016-01-03 11:30:00,2012.34
"356","p2742118","dougger5",153,2016-01-03 11:35:00,2075.62
"357","p2742131","warrends",8,2016-01-03 11:43:00,2172
"358","p2742135","protagonist",4453,2016-01-03 11:46:00,NA
"359","p2742143","teacher",911,2016-01-03 11:49:00,2233
"360","p2742149","Sbashore",923,2016-01-03 11:55:00,2288
"361","p2742154","LazyNihilist",820,2016-01-03 12:00:00,2084.82
"362","p2742158","retiredengineer",6,2016-01-03 12:04:00,1856.4
"363","p2742159","260chrisb",103,2016-01-03 12:07:00,2443
"364","p2742161","runner9",1832,2016-01-03 12:10:00,2087
"365","p2742173","packet",747,2016-01-03 12:19:00,2099.39
"366","p2742239","brukster",8,2016-01-03 13:01:00,2310.5
"367","p2742254","richland",1,2016-01-03 13:14:00,2224
"368","p2742255","unclescrooge",886,2016-01-03 13:15:00,2262.51
"369","p2742278","slickwillbo",73,2016-01-03 13:32:00,2016
"370","p2742285","Angelus359",540,2016-01-03 13:34:00,2000
"371","p2742290","matjen",1527,2016-01-03 13:36:00,2199
"372","p2742299","MitchC",66,2016-01-03 13:45:00,1489
"373","p2742322","Darion",11,2016-01-03 13:59:00,1924.32
"374","p2742328","DWD",150,2016-01-03 14:02:00,2102.56
"375","p2742330","imperialyoyo",28,2016-01-03 14:03:00,2059
"376","p2742334","ffstretch",19,2016-01-03 14:08:00,1941.52
"377","p2742351","jamacq",161,2016-01-03 14:17:00,2136
"378","p2742365","Pursuitofquality",24,2016-01-03 14:25:00,1974.11
"379","p2742390","jimcrawford01",48,2016-01-03 14:39:00,2025.54
"380","p2742401","shipwreck",47,2016-01-03 14:46:00,2153.73
"381","p2742424","Horsefly",84,2016-01-03 15:00:00,2182.99
"382","p2742497","bmsuter",13,2016-01-03 15:46:00,2211.25
"383","p2742537","Wild Willie",121,2016-01-03 16:08:00,2016
"384","p2742583","UncleBen",175,2016-01-03 16:37:00,2113.06
"385","p2742598","EEEguy",48,2016-01-03 16:46:00,2105.25
"386","p2742606","happy_statistician",1,2016-01-03 16:52:00,2115
"387","p2742639","talltodd",127,2016-01-03 17:10:00,2175.7
"388","p2742645","smartinwate",826,2016-01-03 17:15:00,2125.7
"389","p2742646","gclancer",283,2016-01-03 17:15:00,1986.53
"390","p2742722","marekc",8,2016-01-03 18:29:00,2150
"391","p2742727","arsenalfan",237,2016-01-03 18:33:00,2191.93
"392","p2742753","slowbutsteady",24,2016-01-03 18:57:00,2223
"393","p2742763","Randolph",18,2016-01-03 19:08:00,2072.07
"394","p2742853","Fallible",5671,2016-01-03 20:21:00,2060.48
"395","p2742859","n171n",67,2016-01-03 20:27:00,2220
"396","p2742890","Dadarkar",145,2016-01-03 20:53:00,1996
"397","p2742896","tony44",132,2016-01-03 21:01:00,2201
"398","p2742911","LiketoHike",23,2016-01-03 21:07:00,1996.24
"399","p2742929","Manbaerpig",1368,2016-01-03 21:25:00,2125.69
"400","p2742933","RedBug",29,2016-01-03 21:27:00,2121.31
"401","p2742939","RyeWhiskey",850,2016-01-03 21:31:00,1724.1
"402","p2742944","Robert C F",39,2016-01-03 21:34:00,2084.82
"403","p2742949","just frank",898,2016-01-03 21:40:00,2392.03
"404","p2742952","Munir",2173,2016-01-03 21:44:00,2233
"405","p2742958","bf0123",20,2016-01-03 21:49:00,2289.21
"406","p2742959","Green_machine",2,2016-01-03 21:49:00,2146.14
"407","p2742965","benne77",23,2016-01-03 21:52:00,1883.45
"408","p2742975","HighFive",16,2016-01-03 22:05:00,2006.06
"409","p2742977","bpr",26,2016-01-03 22:07:00,2213.6
"410","p2742990","warowits",164,2016-01-03 22:16:00,2145
"411","p2742992","DCA",4,2016-01-03 22:17:00,2071.73
"412","p2742995","mouth",60,2016-01-03 22:19:00,2165.58
"413","p2743029","snowshoes",300,2016-01-03 22:55:00,1818.18
"414","p2743040","Norris",514,2016-01-03 23:07:00,2053
"415","p2743049","snarlyjack",179,2016-01-03 23:21:00,2016
"416","p2743051","Peter Foley",3556,2016-01-03 23:23:00,2142.42
"417","p2743057","barnaclebob",1553,2016-01-03 23:31:00,2112.3
"418","p2743079","Tim Bachmann",17,2016-01-04 00:00:00,1821
"419","p2743087","kiddoc",266,2016-01-04 00:06:00,1766
"420","p2743109","sperry8",1140,2016-01-04 00:36:00,2283.06
"421","p2743119","MrKnight",215,2016-01-04 00:48:00,2289.2128
"422","p2743213","timmydink",14,2016-01-04 06:59:00,1958.62
"423","p2743226","Spewin",126,2016-01-04 07:38:00,2147.25
"424","p2743231","BarryZuckerkorn",40,2016-01-04 07:49:00,2127.74
"425","p2743238","blacklab",15,2016-01-04 08:05:00,1941
"426","p2743243","JimmyD",638,2016-01-04 08:22:00,1969
"427","p2743255","Steven28",86,2016-01-04 08:37:00,2125.7
"428","p2743343","littlejohn309",14,2016-01-04 10:13:00,2340
"429","p2743368","aeronina",36,2016-01-04 10:31:00,2088.8
"430","p2743386","fishingmn",59,2016-01-04 10:38:00,1876
"431","p2743421","Derby",39,2016-01-04 10:51:00,2222.22
"432","p2743437","archii",131,2016-01-04 11:00:00,2010.55
"433","p2743443","knowledge",75,2016-01-04 11:01:00,2188.88
"434","p2743455","fortyofforty",743,2016-01-04 11:06:00,NA
"435","p2743465","NOgmacks",147,2016-01-04 11:07:00,2247
"436","p2743472","shaX",64,2016-01-04 11:10:00,2214.07
"437","p2743501","Sriracha",486,2016-01-04 11:20:00,1804.63
"438","p2743514","Markov",19,2016-01-04 11:25:00,2008.14
"439","p2743522","swimirvine",360,2016-01-04 11:27:00,2231.04
"440","p2743531","Mudpuppy",4507,2016-01-04 11:31:00,NA
"441","p2743546","Finn",70,2016-01-04 11:39:00,2146.5
"442","p2743573","bengal22",1153,2016-01-04 11:49:00,2143
"443","p2743582","Savvy",257,2016-01-04 11:52:00,1875
"444","p2743616","FlyOverState",82,2016-01-04 12:16:00,2110.1
"445","p2743636","slowmoney",143,2016-01-04 12:27:00,1911.08
"446","p2743645","TheRightKost87",247,2016-01-04 12:32:00,1987.12
"447","p2743647","max12377",136,2016-01-04 12:33:00,2345.67
"448","p2743663","letsgobobby",9675,2016-01-04 12:40:00,NA
"449","p2743679","rick2427",58,2016-01-04 12:46:00,2208
"450","p2743687","ofcmetz",2203,2016-01-04 12:51:00,2129
"451","p2743712","newuser",25,2016-01-04 13:01:00,1976
"452","p2743722","Starting From Scratch",19,2016-01-04 13:08:00,1700
"453","p2743735","kgressler",53,2016-01-04 13:18:00,2171.69
"454","p2743737","celia",5063,2016-01-04 13:19:00,2316.16
"455","p2743742","jpelder",529,2016-01-04 13:21:00,2160.65
"456","p2743744","b42",118,2016-01-04 13:22:00,2093.67
"457","p2743780","Not Law",66,2016-01-04 13:44:00,2351.69
"458","p2743787","Qtman",414,2016-01-04 13:46:00,2121.22
"459","p2743828","Water",3,2016-01-04 14:05:00,2016
"460","p2743976","JerryK",7,2016-01-04 15:26:00,2271.69
"461","p2743978","Molly12",14,2016-01-04 15:27:00,2345
"462","p2743985","mptfan",3835,2016-01-04 15:32:00,2260
"463","p2744031","Nozzle",25,2016-01-04 16:02:00,2187
"464","p2744067","Morik",657,2016-01-04 16:24:00,2214.76
"465","p2744101","Lake Living",91,2016-01-04 16:38:00,2105.26
"466","p2744127","RyanC",51,2016-01-04 16:49:00,2145.3
"467","p2744136","whatusername?",587,2016-01-04 16:54:00,1958.91
"468","p2744165","jornsy",14,2016-01-04 17:12:00,2115.48
"469","p2744321","Boglemama",290,2016-01-04 19:01:00,2012.83
"470","p2744336","jchris",56,2016-01-04 19:11:00,2088.34
"471","p2744350","RTR2006",823,2016-01-04 19:20:00,2142.8
"472","p2744366","Angst",1484,2016-01-04 19:28:00,2030
"473","p2744372","lee1026",389,2016-01-04 19:32:00,2200
"474","p2744378","amarone",418,2016-01-04 19:36:00,2058.9
"475","p2744380","BoringIsBeautiful",16,2016-01-04 19:37:00,1999.98
"476","p2744386","Arichcrook",11,2016-01-04 19:42:00,2310.01
"477","p2744394","D Newton",120,2016-01-04 19:49:00,1877.5
"478","p2744421","NORTON",50,2016-01-04 20:11:00,1903.72
"479","p2744435","stormswami",27,2016-01-04 20:21:00,1730
"480","p2744439","chasingadvice",14,2016-01-04 20:23:00,2228.88
"481","p2744455","joe8d",4152,2016-01-04 20:35:00,2309.42
"482","p2744462","friar1610",762,2016-01-04 20:39:00,1994.67
"483","p2744470","RedRose",11,2016-01-04 20:44:00,2084
"484","p2744476","Nukie",6,2016-01-04 20:47:00,2186.99
"485","p2744485","fourwaystreet",79,2016-01-04 20:55:00,2312
"486","p2744507","dh",168,2016-01-04 21:08:00,2199.99
"487","p2744522","itstoomuch",3426,2016-01-04 21:15:00,NA
"488","p2744651","dianna",216,2016-01-04 22:58:00,2224
"489","p2744666","MilitaryDoc",48,2016-01-04 23:09:00,2233.3
"490","p2744672","Happygolucky",8,2016-01-04 23:16:00,2056.4
"491","p2744684","Kathleen Ryan",608,2016-01-04 23:22:00,2133.41
"492","p2744692","m2marti",11,2016-01-04 23:33:00,1986.52
"493","p2744712","AcademicPeds",15,2016-01-04 23:48:00,2113.06
"494","p2744727","Ricky Bobby",9,2016-01-05 00:17:00,1799.81
"495","p2744856","baa_10",61,2016-01-05 08:12:00,2222.22
"496","p2744881","deadlymonkey",56,2016-01-05 08:48:00,2173.53
"497","p2744884","hrc84",30,2016-01-05 08:53:00,1989.88
"498","p2744921","etc06",71,2016-01-05 09:27:00,2118
"499","p2745188","NateH",501,2016-01-05 11:58:00,1717
"500","p2745218","Planner",94,2016-01-05 12:19:00,2128
"501","p2745322","P&C actuary",91,2016-01-05 13:22:00,1945.5491
"502","p2745338","wvmtnbkr",57,2016-01-05 13:29:00,2269.8906
"503","p2745354","apados",23,2016-01-05 13:35:00,1979.12
"504","p2745371","bowest",96,2016-01-05 13:50:00,1900.5
"505","p2745382","nmanieri",30,2016-01-05 13:57:00,2067.85
"506","p2745405","mickeyd",4298,2016-01-05 14:12:00,1000
"507","p2745408","bkweathe",115,2016-01-05 14:13:00,2187.03
"508","p2745417","minerkj",11,2016-01-05 14:20:00,2040.78
"509","p2745445","bmelikia",513,2016-01-05 14:34:00,1984.84
"510","p2745483","Vilgan",141,2016-01-05 14:57:00,2281.14
"511","p2745526","pjtallman",29,2016-01-05 15:31:00,2176.39
"512","p2745529","Mingus",555,2016-01-05 15:32:00,1947.6
"513","p2745534","RPC1976",29,2016-01-05 15:35:00,2252.9
"514","p2745548","Hayden",839,2016-01-05 15:44:00,2925.83
"515","p2745557","MarkNYC",1050,2016-01-05 15:50:00,1941
"516","p2745561","wudged",4,2016-01-05 15:53:00,2180.2
"517","p2745565","downshiftme",868,2016-01-05 15:56:00,1670.01
"518","p2745588","integritetus",15,2016-01-05 16:16:00,2265.5
"519","p2745658","Milo Bloom",33,2016-01-05 16:57:00,2385.48
"520","p2745688","best2u",47,2016-01-05 17:17:00,2199.47
"521","p2745746","Offshore",350,2016-01-05 17:48:00,2101.101
"522","p2745794","saagar_is_cool",62,2016-01-05 18:18:00,2200
"523","p2746343","kolarson",3,2016-01-06 02:09:00,1825
"524","p2746386","tarheel",260,2016-01-06 06:16:00,1960.1
"525","p2746389","japan4ever",11,2016-01-06 06:26:00,2500
"526","p2746391","jambadoc",35,2016-01-06 06:30:00,1842
"527","p2746478","vanguardrocks",24,2016-01-06 08:46:00,2109.75
"528","p2746503","binvesting",59,2016-01-06 09:14:00,2050
"529","p2746534","luv_ice_skating",2,2016-01-06 09:36:00,1969.46
"530","p2746860","destinationnc",26,2016-01-06 13:11:00,1981
"531","p2746874","chahn1",6,2016-01-06 13:21:00,2704.33
"532","p2746896","peregrine",100,2016-01-06 13:37:00,1672.35
"533","p2747370","VELO724X",66,2016-01-06 18:05:00,2135.92
"534","p2747378","earlyout",1255,2016-01-06 18:10:00,2222
"535","p2747671","Achelois",107,2016-01-06 21:21:00,2053.55
"536","p2747674","RmeHyd8tion11",22,2016-01-06 21:22:00,1967.4
"537","p2747699","P30doc",1,2016-01-06 21:40:00,2119.19
"538","p2747745","b23",21,2016-01-06 22:09:00,2147
"539","p2747754","TravelforFun",453,2016-01-06 22:16:00,NA
"540","p2747762","second-guesser",129,2016-01-06 22:25:00,1798.62
"541","p2747798","matthewf",1,2016-01-06 22:55:00,2187.43
"542","p2747811","H-Dog",18,2016-01-06 23:05:00,1822.54
"543","p2747851","ljm410",1,2016-01-06 23:34:00,2223.33
"544","p2747893","Reb Tevye",62,2016-01-07 00:25:00,2400.01
"545","p2747932","cb474",769,2016-01-07 01:30:00,2147.25
"546","p2747935","White Coat Investor",12201,2016-01-07 01:38:00,1603.11
"547","p2748163","kaudrey",763,2016-01-07 09:44:00,2150
"548","p2748201","teacher",911,2016-01-07 09:58:00,NA
"549","p2748445","betahat",14,2016-01-07 12:17:00,2202.09
"550","p2748465","Majormajor78",810,2016-01-07 12:27:00,1887.76
"551","p2748760","rarvesen",44,2016-01-07 14:49:00,NA
"552","p2748828","Gary",144,2016-01-07 15:24:00,1478.99
"553","p2748833","bobble",99,2016-01-07 15:26:00,2236.07
"554","p2748846","Raunholt",7,2016-01-07 15:30:00,2145.85
"555","p2748871","rarvesen",44,2016-01-07 15:42:00,1850
"556","p2748958","surfer1",233,2016-01-07 16:28:00,2040.24
"557","p2748981","Roothy",96,2016-01-07 16:39:00,2023
"558","p2748995","jonas",2,2016-01-07 16:48:00,2136.19
"559","p2749027","mickens16",299,2016-01-07 17:12:00,1995.43
"560","p2749117","BoilerUp",17,2016-01-07 18:14:00,1976.54
"561","p2749184","adam1712",273,2016-01-07 18:53:00,1904.14
"562","p2749197","SKchessplayer",1,2016-01-07 19:02:00,2016.5
"563","p2749359","ToOLx",10,2016-01-07 21:11:00,2031.2
"564","p2749394","marvesen",4,2016-01-07 21:37:00,2057.18
"565","p2749397","karvesen",3,2016-01-07 21:38:00,2079.36
"566","p2749440","PhillyBird",35,2016-01-07 22:06:00,1885.84
"567","p2749455","IronHorse1928",59,2016-01-07 22:16:00,2120.46
"568","p2749543","LateStarter1975",611,2016-01-07 23:22:00,1858.14
"569","p2749636","JamesSFO",2685,2016-01-08 01:27:00,2191.36
"570","p2749739","jeep725",22,2016-01-08 07:50:00,2110.3
"571","p2749743","huluhuluhulu",2,2016-01-08 07:58:00,2109.87
"572","p2749766","C8H18Engineer",140,2016-01-08 08:34:00,2105.26
"573","p2749788","psystal",319,2016-01-08 08:59:00,2369
"574","p2749808","Cuzz35",335,2016-01-08 09:13:00,2196.83
"575","p2750173","donmichael",81,2016-01-08 12:41:00,2051.43
"576","p2750196","villars",163,2016-01-08 12:49:00,2048
"577","p2750208","Tyr0ne",63,2016-01-08 12:57:00,2026.13
"578","p2750212","xjz",65,2016-01-08 13:00:00,6000.02
"579","p2750214","Logan T",185,2016-01-08 13:02:00,2137.14
"580","p2750564","gffisher",7,2016-01-08 16:23:00,2247.3
"581","p2750590","JLJL",359,2016-01-08 16:35:00,1718.19
"582","p2750835","thomas716",8,2016-01-08 19:24:00,1880.42
"583","p2750841","HurdyGurdy",1118,2016-01-08 19:30:00,2201.02
"584","p2750935","FundsABlazin",13,2016-01-08 20:41:00,2525
"585","p2750950","billjohnson",618,2016-01-08 20:56:00,1979.15
"586","p2750952","tainted-meat",628,2016-01-08 20:59:00,2202.62
"587","p2750965","allovertheplace",3,2016-01-08 21:09:00,1885.01
"588","p2751420","Frugalman",34,2016-01-09 10:01:00,2284.22
"589","p2751430","amitb00",282,2016-01-09 10:05:00,NA
"590","p2751487","whiskeymike",2,2016-01-09 10:40:00,2100
"591","p2751555","Miriam2",1213,2016-01-09 11:22:00,NA
"592","p2751654","Premier",34,2016-01-09 12:20:00,2050
"593","p2751724","gotherelate",843,2016-01-09 13:04:00,1949
"594","p2751746","krill",11,2016-01-09 13:14:00,NA
"595","p2751941","Bushido1",38,2016-01-09 15:04:00,2204.76
"596","p2751973","kite",82,2016-01-09 15:24:00,2250
"597","p2752238","pinksocks",14,2016-01-09 18:49:00,1879.75
"598","p2752256","neurodoc68",1,2016-01-09 19:03:00,2147
"599","p2752298","Leadhead",13,2016-01-09 19:40:00,2287.25
"600","p2752395","siamond",2587,2016-01-09 21:00:00,1903
"601","p2752434","abuss368",10988,2016-01-09 21:27:00,NA
"602","p2752438","sawhorse",2559,2016-01-09 21:29:00,1948.06
"603","p2752510","Nucstorm",1,2016-01-09 22:16:00,2101.54
"604","p2752579","katnrica",48,2016-01-09 23:06:00,1897.5
"605","p2752611","hoopy",108,2016-01-09 23:52:00,2323.23
"606","p2752952","BolderBoy",2634,2016-01-10 11:27:00,2555
"607","p2753281","PaulW",31,2016-01-10 15:12:00,1979.69
"608","p2753477","Randy58",6,2016-01-10 18:13:00,2184.25
"609","p2753649","no humbug",4,2016-01-10 20:33:00,2100.9
"610","p2753715","Spaniel",6,2016-01-10 21:37:00,2104.29
"611","p2753798","tnhooper45",85,2016-01-10 22:40:00,1877
"612","p2753799","sawhorse",2559,2016-01-10 22:40:00,NA
"613","p2753800","gwe67",88,2016-01-10 22:40:00,1672.17
"614","p2753811","zaboomafoozarg",1729,2016-01-10 22:51:00,1865
"615","p2753816","dokeeffe",49,2016-01-10 22:56:00,2016
"616","p2753824","surfer1",233,2016-01-10 23:03:00,NA
"617","p2753838","jidina80",729,2016-01-10 23:16:00,2261.6
"618","p2753851","sawhorse",2559,2016-01-10 23:30:00,NA
"619","p2753855","XdUzHa3NtSeIkBkIGPVn",33,2016-01-10 23:34:00,1532.82
"620","p2753857","JDDS",881,2016-01-10 23:35:00,2012.98
"621","p2753859","g9ujra",27,2016-01-10 23:37:00,1776
"622","p2753861","rarvesen",44,2016-01-10 23:41:00,2016
"623","p2753868","rarvesen",44,2016-01-10 23:47:00,NA
"624","p2753874","IlikeJackB",164,2016-01-10 23:57:00,1362.63
"625","p2753875","VictoriaF",15978,2016-01-10 23:57:00,1991.03
"626","p2753885","rarvesen",44,2016-01-11 00:12:00,2016
"627","p2753888","Derek2x",8,2016-01-11 00:14:00,2126
"628","p2753897","VictoriaF",15978,2016-01-11 00:28:00,NA
"629","p2753899","cfs",3333,2016-01-11 00:30:00,NA
"630","p2753904","VictoriaF",15978,2016-01-11 00:34:00,NA
"631","p2753908","cfs",3333,2016-01-11 00:44:00,2015
"632","p2753909","texascat1",15,2016-01-11 00:45:00,2017
"633","p2754016","surfer1",233,2016-01-11 08:25:00,NA
"634","p2754111","rarvesen",44,2016-01-11 10:06:00,NA
"635","p2754260","FinanceGrad",8,2016-01-11 11:55:00,1500
"636","p2754322","surfer1",233,2016-01-11 12:42:00,2016
"637","p2754403","vbonthu",18,2016-01-11 13:49:00,2500.25
"638","p2754957","LadyGeek",34906,2016-01-11 19:05:00,NA
"639","p2755234","saltycaper",1696,2016-01-11 23:00:00,2131.82
"640","p2755279","digarei",475,2016-01-11 23:56:00,2407
"641","p2774360","letsgobobby",9675,2016-01-25 12:25:00,NA
"642","p2774398","Mudpuppy",4507,2016-01-25 12:49:00,NA
"643","p2774445","GoldenFinch",1024,2016-01-25 13:21:00,2192
"644","p2774477","qw3rty",12,2016-01-25 13:45:00,2102.35
"645","p2774508","hornet96",354,2016-01-25 14:00:00,NA
"646","p2775449","Mudpuppy",4507,2016-01-26 01:42:00,NA
"647","p2775483","Daryl",245,2016-01-26 05:06:00,NA
"648","p2875096","packet",747,2016-04-18 18:00:00,NA
"649","p2875116","LadyGeek",34906,2016-04-18 18:22:00,2016
"650","p2875152","packet",747,2016-04-18 18:55:00,NA
"651","p2875169","Thesues",85,2016-04-18 19:09:00,2148
"652","p2875177","LadyGeek",34906,2016-04-18 19:19:00,2016
"653","p2875184","peppers",1233,2016-04-18 19:28:00,NA
"654","p2875197","KingsBench",34,2016-04-18 19:42:00,NA
"655","p2875457","packet",747,2016-04-19 07:26:00,NA
"656","p2875465","GoldenFinch",1024,2016-04-19 07:35:00,NA
"657","p2875712","packet",747,2016-04-19 11:41:00,NA
"658","p3031524","youdiditr2",28,2016-08-27 02:55:00,2010
"659","p3171967","shaX",64,2016-12-31 13:05:00,NA
"660","p3171985","oldzey",490,2016-12-31 13:16:00,2068
"661","p3172630","Saphomd",155,2017-01-01 12:06:00,2350.77
"662","p3172637","*3!4!/5!",352,2017-01-01 12:10:00,2238.83
"663","p3172641","tomd37",2467,2017-01-01 12:11:00,2016
"664","p3172649","Saphomd",155,2017-01-01 12:14:00,NA
"665","p3172652","r60rider",21,2017-01-01 12:15:00,2248.99
"666","p3172669","*3!4!/5!",352,2017-01-01 12:19:00,2016
"667","p3172695","Taylor Larimore",24851,2017-01-01 12:28:00,2017
"668","p3172708","LadyGeek",34906,2017-01-01 12:31:00,2017
"669","p3172643","Taylor Larimore",24851,2017-01-01 12:12:00,2017
"670","p3172646","*3!4!/5!",352,2017-01-01 12:12:00,2686.6
"671","p3172651","tycho",6,2017-01-01 12:14:00,2394.66
"672","p3172653","JamesSFO",2685,2017-01-01 12:15:00,2417.94
"673","p3172657","snottypie",4,2017-01-01 12:16:00,2385.71
"674","p3172659","Saphomd",155,2017-01-01 12:16:00,2350.77
"675","p3172664","r60rider",21,2017-01-01 12:18:00,2248.99
"676","p3172667","Randy58",6,2017-01-01 12:18:00,2332
"677","p3172671","MarkS",33,2017-01-01 12:20:00,2168.49
"678","p3172672","Ace1",74,2017-01-01 12:20:00,2425.26
"679","p3172675","Bondman",17,2017-01-01 12:21:00,2126.89
"680","p3172677","k66",336,2017-01-01 12:21:00,3328.28
"681","p3172682","260chrisb",103,2017-01-01 12:24:00,2663
"682","p3172683","SquawkIdent",289,2017-01-01 12:24:00,2345.67
"683","p3172684","JPH",513,2017-01-01 12:25:00,2330.62
"684","p3172689","Daryl",245,2017-01-01 12:26:00,2323.23
"685","p3172690","calendario",1,2017-01-01 12:27:00,2435.06
"686","p3172693","JMacDonald",1901,2017-01-01 12:28:00,2288.08
"687","p3172694","Sheepdog",4477,2017-01-01 12:28:00,2126.94
"688","p3172699","bigmac22",6,2017-01-01 12:29:00,2654.3
"689","p3172703","indexfundfan",1734,2017-01-01 12:30:00,2413.46
"690","p3172707","theduke",589,2017-01-01 12:31:00,2238.83
"691","p3172713","Valence",26,2017-01-01 12:33:00,2295.27
"692","p3172715","mrtiger",9,2017-01-01 12:33:00,1875
"693","p3172718","spin_echo",146,2017-01-01 12:34:00,2138
"694","p3172722","Texas Radio",112,2017-01-01 12:34:00,1789.19
"695","p3172723","mikeast",137,2017-01-01 12:35:00,2555.55
"696","p3172724","MnD",2786,2017-01-01 12:35:00,2565.16
"697","p3172725","AE81",14,2017-01-01 12:35:00,1791.06
"698","p3172728","Levett",3989,2017-01-01 12:36:00,2126
"699","p3172732","FrugalFrida",90,2017-01-01 12:37:00,2420
"700","p3172737","Roverdog",475,2017-01-01 12:38:00,2449.05
"701","p3172740","Igglesman",433,2017-01-01 12:39:00,2142.75
"702","p3172742","rosylenm",3,2017-01-01 12:40:00,2354.54
"703","p3172743","Imageek2",11,2017-01-01 12:40:00,1689.5
"704","p3172744","CheeseFlip",13,2017-01-01 12:41:00,2222.22
"705","p3172745","bligh",119,2017-01-01 12:41:00,2364.1
"706","p3172749","tacster",244,2017-01-01 12:42:00,2418.94
"707","p3172752","EyeYield",464,2017-01-01 12:42:00,2326.55
"708","p3172754","hornet96",354,2017-01-01 12:44:00,2013.41
"709","p3172755","tennisplyr",1044,2017-01-01 12:44:00,2385.99
"710","p3172759","LadyGeek",34906,2017-01-01 12:45:00,2358.13
"711","p3172762","saltycaper",1696,2017-01-01 12:46:00,2491.34
"712","p3172764","mickeyd",4298,2017-01-01 12:46:00,2350.77
"713","p3172768","Azathoth",6,2017-01-01 12:47:00,2140.34
"714","p3172771","jfn111",726,2017-01-01 12:47:00,2126.1
"715","p3172773","Mel Lindauer",26328,2017-01-01 12:48:00,1835.35
"716","p3172774","jjbychko",2,2017-01-01 12:49:00,2017.17
"717","p3172775","tomd37",2467,2017-01-01 12:49:00,2188.46
"718","p3172777","JWooden10",48,2017-01-01 12:50:00,2306
"719","p3172779","Dantes",81,2017-01-01 12:51:00,2327.23
"720","p3172780","dwickenh",287,2017-01-01 12:51:00,2356.87
"721","p3172783","Flymore",60,2017-01-01 12:51:00,2574.65
"722","p3172784","ParkersPaPa",90,2017-01-01 12:51:00,2101.8
"723","p3172787","Emilyjane",70,2017-01-01 12:52:00,2333
"724","p3172789","Mitty",2,2017-01-01 12:53:00,2297.05
"725","p3172792","rockonhumblepie",61,2017-01-01 12:54:00,1969.3
"726","p3172794","gary11",140,2017-01-01 12:55:00,2442.43
"727","p3172797","Water",3,2017-01-01 12:55:00,2194.37
"728","p3172805","Derek2x",8,2017-01-01 12:58:00,2480
"729","p3172806","JohnnyB",19,2017-01-01 12:58:00,2175.14
"730","p3172807","auntie",261,2017-01-01 12:59:00,1944.2
"731","p3172813","fishandgolf",22,2017-01-01 13:02:00,2418
"732","p3172816","5rivers",5,2017-01-01 13:03:00,2213.19
"733","p3172817","HueyLD",4542,2017-01-01 13:03:00,NA
"734","p3172821","myford.m.lseven",13,2017-01-01 13:04:00,2305.16
"735","p3172822","andy8921",9,2017-01-01 13:04:00,2574.65
"736","p3172825","The Wizard",9249,2017-01-01 13:06:00,2435.85
"737","p3172829","L.Washington",3,2017-01-01 13:07:00,2096.67
"738","p3172831","Willmunny",18,2017-01-01 13:07:00,1997.45
"739","p3172837","amp",146,2017-01-01 13:11:00,2117.91
"740","p3172840","cametomysenses",4,2017-01-01 13:13:00,1951.08
"741","p3172846","dotstar",21,2017-01-01 13:15:00,2309.13
"742","p3172849","KingsBench",34,2017-01-01 13:16:00,2243
"743","p3172851","aorin",26,2017-01-01 13:16:00,2507.13
"744","p3172852","oldzey",490,2017-01-01 13:17:00,2452.3
"745","p3172854","southport",141,2017-01-01 13:17:00,2427.56
"746","p3172857","tnjj",17,2017-01-01 13:19:00,2619.43
"747","p3172864","tyrnup13",37,2017-01-01 13:23:00,2151.17
"748","p3172865","paper200",246,2017-01-01 13:23:00,1950
"749","p3172866","FreeAtLast",444,2017-01-01 13:25:00,1841.62
"750","p3172869","Compound",327,2017-01-01 13:26:00,2177.43
"751","p3172871","bac573",67,2017-01-01 13:26:00,2184.2
"752","p3172874","gips",210,2017-01-01 13:27:00,1420.5
"753","p3172875","MrFrugal",11,2017-01-01 13:29:00,2270.01
"754","p3172876","xystici",296,2017-01-01 13:30:00,1745.64
"755","p3172878","bdavidson",102,2017-01-01 13:31:00,2899.99
"756","p3172879","EveryDayI'mBoglein'",2,2017-01-01 13:31:00,2310.28
"757","p3172881","S&L1940",1368,2017-01-01 13:32:00,2323.9
"758","p3172883","gclancer",283,2017-01-01 13:33:00,2468.1
"759","p3172890","Case59",27,2017-01-01 13:35:00,2357
"760","p3172894","pjshen",7,2017-01-01 13:37:00,2020.01
"761","p3172897","BTDT",696,2017-01-01 13:38:00,2438.49
"762","p3172899","GoldenFinch",1024,2017-01-01 13:40:00,2305
"763","p3172907","JDaniels",242,2017-01-01 13:44:00,2495.84
"764","p3172908","telcodenizen",4,2017-01-01 13:44:00,1784.5
"765","p3172912","vitaflo",660,2017-01-01 13:46:00,1976.28
"766","p3172913","simplesimon",2796,2017-01-01 13:46:00,2000
"767","p3172916","AQ",416,2017-01-01 13:47:00,2416.17
"768","p3172917","earlyout",1255,2017-01-01 13:48:00,2346.43
"769","p3172918","Miriam2",1213,2017-01-01 13:49:00,2240
"770","p3172919","mrc",560,2017-01-01 13:50:00,2207.49
"771","p3172920","nodenuff2",282,2017-01-01 13:51:00,2405.85
"772","p3172922","NightFall",166,2017-01-01 13:52:00,1420
"773","p3172933","carolinaman",2144,2017-01-01 13:57:00,2419.2
"774","p3172934","F150HD",373,2017-01-01 13:57:00,2417.76
"775","p3172939","feh",1002,2017-01-01 13:58:00,2429
"776","p3172949","BolderBoy",2634,2017-01-01 14:02:00,2552.27
"777","p3172952","veggivet",154,2017-01-01 14:04:00,2344.44
"778","p3172956","Drewman",69,2017-01-01 14:05:00,2584
"779","p3172960","Pursuitofquality",24,2017-01-01 14:06:00,2001.99
"780","p3172961","BrklynMike",18,2017-01-01 14:08:00,2351
"781","p3172964","madpunster",101,2017-01-01 14:11:00,2499.99
"782","p3172968","Silence Dogood",628,2017-01-01 14:13:00,2250
"783","p3172971","Emeralds",19,2017-01-01 14:13:00,1952.76
"784","p3172974","TxAg",917,2017-01-01 14:14:00,2500
"785","p3172987","gotherelate",843,2017-01-01 14:22:00,2388.32
"786","p3172991","Sparky1500",4,2017-01-01 14:24:00,2415.88
"787","p3172992","bloom2708",1166,2017-01-01 14:26:00,2577.27
"788","p3172995","binvesting",59,2017-01-01 14:27:00,2438.8
"789","p3172997","Lyrrad",15,2017-01-01 14:28:00,2411.38
"790","p3172999","sandramjet",74,2017-01-01 14:29:00,2417.96
"791","p3173001","Wricha",195,2017-01-01 14:29:00,2511.01
"792","p3173003","sabhen",51,2017-01-01 14:30:00,2350.77
"793","p3173005","Mudpuppy",4507,2017-01-01 14:31:00,2379.43
"794","p3173009","Gort",319,2017-01-01 14:34:00,2351.89
"795","p3173015","tuningfork",191,2017-01-01 14:36:00,2377
"796","p3173022","Salty1",84,2017-01-01 14:42:00,2361.97
"797","p3173033","Wabbit",100,2017-01-01 14:49:00,2014
"798","p3173034","mattshwink",258,2017-01-01 14:49:00,2138.08
"799","p3173039","wannabogle",27,2017-01-01 14:52:00,2209.23
"800","p3173040","StormShadow",461,2017-01-01 14:53:00,2418.03
"801","p3173046","Christine_NM",2395,2017-01-01 14:58:00,2376.31
"802","p3173048","smartinwate",826,2017-01-01 15:01:00,2014.2
"803","p3173058","BigFoot48",2424,2017-01-01 15:05:00,2086.42
"804","p3173063","MoonOrb",643,2017-01-01 15:08:00,1588.45
"805","p3173067","unclescrooge",886,2017-01-01 15:09:00,2551.32
"806","p3173069","Call_Me_Op",6315,2017-01-01 15:10:00,2361.96
"807","p3173086","MsMSF",2,2017-01-01 15:19:00,2487.98
"808","p3173089","Steve K",42,2017-01-01 15:21:00,2348.53
"809","p3173095","trueblueky",1063,2017-01-01 15:24:00,2043.94
"810","p3173097","integritetus",15,2017-01-01 15:25:00,2482.19
"811","p3173099","artthomp",305,2017-01-01 15:26:00,2014.95
"812","p3173101","FrugalInvestor",4039,2017-01-01 15:28:00,2385.17
"813","p3173102","everyman3",1,2017-01-01 15:29:00,2700.01
"814","p3173104","Penn State Bob",40,2017-01-01 15:30:00,2469.21
"815","p3173118","locald00d",5,2017-01-01 15:38:00,2328.38
"816","p3173128","sergeant",477,2017-01-01 15:44:00,1997.55
"817","p3173140","goingup",1937,2017-01-01 15:53:00,2461
"818","p3173159","jane1",695,2017-01-01 16:09:00,1906
"819","p3173165","Geno",2,2017-01-01 16:14:00,2507.49
"820","p3173166","Longtermgrowth",133,2017-01-01 16:15:00,2492.45
"821","p3173171","nachos31",3,2017-01-01 16:17:00,2422.04
"822","p3173173","denovo",2849,2017-01-01 16:20:00,2121.21
"823","p3173176","Portfolio7",40,2017-01-01 16:21:00,2017
"824","p3173177","alisa4804",349,2017-01-01 16:22:00,2367.2
"825","p3173178","grabiner",18900,2017-01-01 16:22:00,1970.17
"826","p3173185","mark18068",31,2017-01-01 16:26:00,2379.43
"827","p3173188","chw",212,2017-01-01 16:29:00,2385.65
"828","p3173197","abuss368",10988,2017-01-01 16:34:00,2501
"829","p3173200","bcjb",418,2017-01-01 16:36:00,2420.82
"830","p3173206","mdba73",13,2017-01-01 16:39:00,2043.38
"831","p3173207","oncorhynchus",107,2017-01-01 16:40:00,2395.55
"832","p3173208","Swampy",696,2017-01-01 16:42:00,2037.34
"833","p3173211","sambb",1392,2017-01-01 16:42:00,2006.37
"834","p3173212","raven15",170,2017-01-01 16:43:00,1212.12
"835","p3173221","PoppyA",263,2017-01-01 16:46:00,2462.66
"836","p3173224","vin44",4,2017-01-01 16:46:00,2222.2
"837","p3173225","Aptenodytes",3693,2017-01-01 16:47:00,2327.64
"838","p3173236","CABob",4118,2017-01-01 16:52:00,2400
"839","p3173241","whodidntante",1067,2017-01-01 16:56:00,2349.9
"840","p3173244","Dadarkar",145,2017-01-01 17:00:00,2026.26
"841","p3173245","jhwkr542",5,2017-01-01 17:01:00,2342.77
"842","p3173253","selftalk",832,2017-01-01 17:07:00,2529.88
"843","p3173257","4a757374696e",1,2017-01-01 17:10:00,2293.94
"844","p3173258","Nosmo",1,2017-01-01 17:10:00,2202.02
"845","p3173265","Terraplane",28,2017-01-01 17:14:00,2438.83
"846","p3173269","bpr",26,2017-01-01 17:15:00,2396.2
"847","p3173279","ebeard",135,2017-01-01 17:24:00,2059
"848","p3173282","moshe",389,2017-01-01 17:25:00,2389.98
"849","p3173285","clip651",191,2017-01-01 17:25:00,2464
"850","p3173287","snoopdoug1",221,2017-01-01 17:26:00,2317.37
"851","p3173289","jimmyq",74,2017-01-01 17:27:00,2431.11
"852","p3173292","Aflyfishnnut",1,2017-01-01 17:29:00,2437.63
"853","p3173293","JFanni",16,2017-01-01 17:29:00,2597
"854","p3173297","TIAX",494,2017-01-01 17:31:00,1970.18
"855","p3173305","badbreath",175,2017-01-01 17:35:00,2438.56
"856","p3173307","packet",747,2017-01-01 17:36:00,2349.9
"857","p3173323","Display",22,2017-01-01 17:45:00,2465
"858","p3173329","inbox788",2975,2017-01-01 17:48:00,2395.5481
"859","p3173337","Spewin",126,2017-01-01 17:52:00,2678.9
"860","p3173352","Rowan Oak",11,2017-01-01 18:08:00,2493
"861","p3173355","honduranhurricane",17,2017-01-01 18:08:00,2574.75
"862","p3173358","elgob.bogle",662,2017-01-01 18:10:00,2351.82
"863","p3173359","fizxman",127,2017-01-01 18:11:00,2380.77
"864","p3173377","acejacksingh",299,2017-01-01 18:27:00,2461
"865","p3173382","Flobes",680,2017-01-01 18:30:00,2072.36
"866","p3173384","randomizer",194,2017-01-01 18:34:00,2298.33
"867","p3173398","Atomic",13,2017-01-01 18:41:00,2136.49
"868","p3173404","dave2589",41,2017-01-01 18:46:00,2385.47
"869","p3173405","mhc",3263,2017-01-01 18:46:00,2163.74
"870","p3173411","TimeRunner",885,2017-01-01 18:48:00,2379.5
"871","p3173413","EnjoyIt",1125,2017-01-01 18:50:00,2496.29
"872","p3173415","BigMik",8,2017-01-01 18:50:00,1941.1
"873","p3173419","Derby",39,2017-01-01 18:53:00,2559.11
"874","p3173421","TeamArgo",7,2017-01-01 18:54:00,1622
"875","p3173423","nhdean",152,2017-01-01 18:56:00,2514
"876","p3173428","nbseer",129,2017-01-01 18:57:00,2176.85
"877","p3173433","Johnny Thinwallet",37,2017-01-01 19:00:00,2487.56
"878","p3173438","teacher",911,2017-01-01 19:03:00,2468
"879","p3173440","DEZ1",45,2017-01-01 19:04:00,2190
"880","p3173448","Nearing_Destination",473,2017-01-01 19:09:00,2374.15
"881","p3173449","KarenC",21,2017-01-01 19:10:00,2359.68
"882","p3173460","ClaycordJCA",83,2017-01-01 19:19:00,2056.72
"883","p3173464","B3GINN3R",20,2017-01-01 19:21:00,2101.5
"884","p3173465","blueblock",607,2017-01-01 19:22:00,2375.4
"885","p3173476","Fallible",5671,2017-01-01 19:34:00,2160
"886","p3173483","OutInThirteen",345,2017-01-01 19:41:00,2294.8
"887","p3173492","sperry8",1140,2017-01-01 19:52:00,2089.72
"888","p3173493","snowshoes",300,2017-01-01 19:53:00,1977.725
"889","p3173495","josh1130",26,2017-01-01 19:53:00,2355.47
"890","p3173498","sperry8",1140,2017-01-01 19:56:00,NA
"891","p3173502","spth",99,2017-01-01 19:57:00,2005
"892","p3173503","sauron22333",4,2017-01-01 19:58:00,2601.5
"893","p3173505","grok87",7126,2017-01-01 19:59:00,2328
"894","p3173506","renter",302,2017-01-01 19:59:00,2632.37
"895","p3173509","Bruce",297,2017-01-01 20:00:00,2676.1
"896","p3173515","westcoast",142,2017-01-01 20:04:00,2441.41
"897","p3173523","Gropes & Ray",824,2017-01-01 20:08:00,2196.29
"898","p3173526","kumar6851",8,2017-01-01 20:08:00,2495
"899","p3173528","Pajamas",650,2017-01-01 20:09:00,1801
"900","p3173529","Dollarsign16",19,2017-01-01 20:10:00,2171.66
"901","p3173544","Cb",273,2017-01-01 20:23:00,2357
"902","p3173547","camper",835,2017-01-01 20:25:00,2535.45
"903","p3173550","pennstater2005",2017,2017-01-01 20:27:00,2339.52
"904","p3173555","mudfud",1194,2017-01-01 20:33:00,1835.64
"905","p3173561","athan",70,2017-01-01 20:34:00,2134.56
"906","p3173562","gkaplan",6515,2017-01-01 20:35:00,1926.1
"907","p3173568","thomasbayarea",345,2017-01-01 20:37:00,2500.99
"908","p3173570","jbuzolich",154,2017-01-01 20:40:00,2421
"909","p3173572","TallBoy29er",148,2017-01-01 20:43:00,2392.86
"910","p3173578","MEA",70,2017-01-01 20:46:00,2775
"911","p3173583","goalie",138,2017-01-01 20:48:00,2017
"912","p3173585","jj",153,2017-01-01 20:49:00,2307.77
"913","p3173587","johnriley",47,2017-01-01 20:49:00,1427.83
"914","p3173589","warowits",164,2017-01-01 20:50:00,2356.75
"915","p3173596","LazyNihilist",820,2017-01-01 20:55:00,2309.17
"916","p3173605","GreatOdinsRaven",348,2017-01-01 21:04:00,2417.91
"917","p3173612","Big Snack",26,2017-01-01 21:09:00,2369.13
"918","p3173615","CppCoder",241,2017-01-01 21:12:00,2398.18
"919","p3173618","billyo44",17,2017-01-01 21:14:00,2129.13
"920","p3173626","doglaws",10,2017-01-01 21:18:00,1895
"921","p3173635","Kitty Telltales",78,2017-01-01 21:25:00,2359.39
"922","p3173638","resurgemus",15,2017-01-01 21:27:00,2020.99
"923","p3173642","Grt2bOutdoors",15116,2017-01-01 21:27:00,2294.01
"924","p3173645","loveyourheart",7,2017-01-01 21:28:00,2496.48
"925","p3173650","amphora",174,2017-01-01 21:34:00,2011.33
"926","p3173651","The Wizard",9249,2017-01-01 21:35:00,NA
"927","p3173657","neomutiny06",363,2017-01-01 21:37:00,1841
"928","p3173658","kinetic2255",7,2017-01-01 21:38:00,1929.08
"929","p3173661","Hopalong",4,2017-01-01 21:39:00,2470.99
"930","p3173684","LadyGeek",34906,2017-01-01 21:56:00,NA
"931","p3173708","Blister",65,2017-01-01 22:10:00,2481.13
"932","p3173712","denovo",2849,2017-01-01 22:13:00,NA
"933","p3173724","dbltrbl",638,2017-01-01 22:18:00,1855.21
"934","p3173729","Silverado",66,2017-01-01 22:20:00,2440.69
"935","p3173733","schannel",6,2017-01-01 22:25:00,2017
"936","p3173735","MPAndy222",13,2017-01-01 22:26:00,2155.99
"937","p3173736","CUBuffs",115,2017-01-01 22:27:00,2299.99
"938","p3173747","FlyOverState",82,2017-01-01 22:36:00,2110
"939","p3173758","tooluser",78,2017-01-01 22:44:00,2462.71
"940","p3173761","Watty",9517,2017-01-01 22:47:00,2507.5
"941","p3173766","blueberry",133,2017-01-01 22:50:00,2500
"942","p3173770","tigerdoc93",50,2017-01-01 22:53:00,2429.13
"943","p3173775","basr518",17,2017-01-01 22:55:00,2300.28
"944","p3173776","ChapMan",128,2017-01-01 22:56:00,2296.32
"945","p3173778","samsmith",67,2017-01-01 22:57:00,1989.46
"946","p3173786","bulbul",87,2017-01-01 23:01:00,2438.68
"947","p3173795","stemikger",4024,2017-01-01 23:07:00,2298
"948","p3173814","joe8d",4152,2017-01-01 23:23:00,2309.42
"949","p3173820","triceratop",1441,2017-01-01 23:27:00,1679.12
"950","p3173831","Dendritic Tree",4,2017-01-01 23:35:00,2001.87
"951","p3173841","Jiu Jitsu Fighter",4,2017-01-01 23:41:00,1875
"952","p3173845","galectin",133,2017-01-01 23:47:00,2012.45
"953","p3173849","blinx77",130,2017-01-01 23:52:00,2605.31
"954","p3173853","Cwise",16,2017-01-01 23:54:00,2514.21
"955","p3173854","Caligal",25,2017-01-01 23:55:00,2316
"956","p3173856","bwb100",31,2017-01-01 23:55:00,2402.7
"957","p3173864","Sriracha",486,2017-01-02 00:02:00,2053.01
"958","p3173868","michaelsieg",517,2017-01-02 00:06:00,1648
"959","p3173876","6miths",598,2017-01-02 00:13:00,1942.02
"960","p3173880","Bertie",10,2017-01-02 00:17:00,1872
"961","p3173882","kiddoc",266,2017-01-02 00:24:00,1782.89
"962","p3173890","analogsavior",20,2017-01-02 00:30:00,2413.82
"963","p3173895","BHCadet",390,2017-01-02 00:34:00,2447.48
"964","p3173913","scalar",1,2017-01-02 01:04:00,2349.83
"965","p3173930","HurdyGurdy",1118,2017-01-02 01:35:00,2417
"966","p3173934","Kalo",383,2017-01-02 01:47:00,2429.74
"967","p3173938","Minty",40,2017-01-02 01:56:00,2338.71
"968","p3173944","g$$",396,2017-01-02 02:09:00,2509.97
"969","p3173946","cudaman",350,2017-01-02 02:10:00,2326.14
"970","p3173956","Mudpuppy",4507,2017-01-02 02:29:00,NA
"971","p3173984","ray.james",711,2017-01-02 03:56:00,2573.17
"972","p3173990","max12377",136,2017-01-02 04:32:00,2368.83
"973","p3173992","red5",728,2017-01-02 04:42:00,2350.44
"974","p3173995","naha66",94,2017-01-02 05:01:00,2362.85
"975","p3174005","henry A",36,2017-01-02 05:49:00,2605
"976","p3174007","just frank",898,2017-01-02 06:16:00,2623.14
"977","p3174012","happyisland",330,2017-01-02 06:33:00,2333.33
"978","p3174024","stickman731",215,2017-01-02 07:16:00,2544.98
"979","p3174033","JCE66",206,2017-01-02 07:26:00,2518.68
"980","p3174042","gypsydavey",1,2017-01-02 07:57:00,2375.17
"981","p3174043","AFdoc",28,2017-01-02 07:58:00,1790.04
"982","p3174052","blissed",3,2017-01-02 08:13:00,3088.44
"983","p3174061","weedf16",42,2017-01-02 08:20:00,2569.69
"984","p3174065","Grogs",306,2017-01-02 08:23:00,1869.02
"985","p3174067","D Newton",120,2017-01-02 08:25:00,1989.07
"986","p3174069","baa_10",61,2017-01-02 08:27:00,2423.67
"987","p3174072","AllAboard",15,2017-01-02 08:31:00,2434.34
"988","p3174078","ShadyOaks",4,2017-01-02 08:35:00,2421.07
"989","p3174083","goblue100",181,2017-01-02 08:39:00,1961.12
"990","p3174085","obafgkm",89,2017-01-02 08:40:00,2335.43
"991","p3174089","FRANK2009",266,2017-01-02 08:43:00,2305.9
"992","p3174093","cheese_breath",6920,2017-01-02 08:44:00,2118.18
"993","p3174108","Talisker",20,2017-01-02 08:54:00,2525.25
"994","p3174143","dolphintraveler",61,2017-01-02 09:25:00,1902.05
"995","p3174146","Nysinvestor",5,2017-01-02 09:28:00,2487.47
"996","p3174148","crg11",376,2017-01-02 09:30:00,2311
"997","p3174150","Tycoon",828,2017-01-02 09:31:00,2601.5
"998","p3174155","Brewman",41,2017-01-02 09:35:00,2353.5
"999","p3174177","Moolala",33,2017-01-02 09:48:00,2532.18
"1000","p3174178","IFRider",49,2017-01-02 09:49:00,2321.13
"1001","p3174181","MP1233",127,2017-01-02 09:51:00,2182.86
"1002","p3174203","Info_Hound",233,2017-01-02 10:08:00,2371.1
"1003","p3174206","cowboy",51,2017-01-02 10:10:00,2406.74
"1004","p3174221","Sbashore",923,2017-01-02 10:22:00,2438.99
"1005","p3174287","Cyclesafe",199,2017-01-02 11:00:00,2016
"1006","p3174293","SimonJester",1011,2017-01-02 11:04:00,2485.1
"1007","p3174297","dougger5",153,2017-01-02 11:06:00,2335.1
"1008","p3174307","PedsDoc",25,2017-01-02 11:12:00,2574.65
"1009","p3174308","dowse",196,2017-01-02 11:12:00,1791.064
"1010","p3174322","dustytown",12,2017-01-02 11:19:00,1991.14
"1011","p3174337","speedbump101",997,2017-01-02 11:36:00,2440.32
"1012","p3174366","slowmoney",143,2017-01-02 11:54:00,2516.44
"1013","p3174386","Texflier",11,2017-01-02 12:04:00,2507.49
"1014","p3174393","pierremonfrere",89,2017-01-02 12:06:00,2115.69
"1015","p3174398","shaX",64,2017-01-02 12:08:00,2421.18
"1016","p3174405","Gary",144,2017-01-02 12:11:00,1478.99
"1017","p3174421","boglesmkcents",77,2017-01-02 12:23:00,2451.13
"1018","p3174434","Dan_NoVA",13,2017-01-02 12:30:00,2362.5
"1019","p3174446","johnz1001",114,2017-01-02 12:35:00,2112.76
"1020","p3174463","Raymond",1026,2017-01-02 12:42:00,2151.52
"1021","p3174467","QuietProsperity",264,2017-01-02 12:43:00,2395.6
"1022","p3174477","Premier",34,2017-01-02 12:48:00,2272
"1023","p3174498","Tortuga",102,2017-01-02 13:06:00,2390
"1024","p3174501","Jags4186",571,2017-01-02 13:08:00,2095.95
"1025","p3174515","jazman12",72,2017-01-02 13:12:00,2362
"1026","p3174528","ff4930",19,2017-01-02 13:17:00,2356.23
"1027","p3174534","mdrileynyc",101,2017-01-02 13:20:00,2287.68
"1028","p3174539","jefmafnl",376,2017-01-02 13:23:00,1998
"1029","p3174544","chauncey88",6,2017-01-02 13:25:00,2360.5
"1030","p3174558","Apophis",2,2017-01-02 13:32:00,2489.33
"1031","p3174559","traveler90",194,2017-01-02 13:33:00,2178.15
"1032","p3174582","Apophis",2,2017-01-02 13:49:00,2472.33
"1033","p3174596","LadyGeek",34906,2017-01-02 13:54:00,NA
"1034","p3174599","hirlaw",119,2017-01-02 13:55:00,2102.5
"1035","p3174623","talltodd",127,2017-01-02 14:08:00,2328.38
"1036","p3174671","bosman",7,2017-01-02 14:33:00,2533.65
"1037","p3174683","ImmigrantSaver",19,2017-01-02 14:40:00,2487.04
"1038","p3174688","Cash",1042,2017-01-02 14:43:00,2883.19
"1039","p3174703","mikemagz11",4,2017-01-02 14:51:00,2432.69
"1040","p3174730","HMI",8,2017-01-02 15:08:00,1643.44
"1041","p3174743","SGM",1976,2017-01-02 15:13:00,2574.72
"1042","p3174749","bilperk",518,2017-01-02 15:16:00,2394.67
"1043","p3174761","TheMachine",1,2017-01-02 15:25:00,2323.12
"1044","p3174819","Exhilarate",1,2017-01-02 16:04:00,2627.27
"1045","p3174829","BarryZuckerkorn",40,2017-01-02 16:09:00,2059
"1046","p3174857","froggy",46,2017-01-02 16:26:00,2414.22
"1047","p3174886","djmbob",292,2017-01-02 16:48:00,1986.43
"1048","p3174903","Mick",157,2017-01-02 17:00:00,2461.92
"1049","p3174910","TravelforFun",453,2017-01-02 17:07:00,2570.18
"1050","p3174955","jimcrawford01",48,2017-01-02 17:37:00,2260.38
"1051","p3174966","bikeguyken",52,2017-01-02 17:44:00,2104.2
"1052","p3174991","jamacq",161,2017-01-02 17:58:00,2511.16
"1053","p3174994","bmelikia",513,2017-01-02 18:00:00,2372.12
"1054","p3175024","30inMaryland",7,2017-01-02 18:20:00,1725
"1055","p3175045","NYnative",332,2017-01-02 18:34:00,1762.4
"1056","p3175099","runner9",1832,2017-01-02 19:09:00,2483
"1057","p3175103","patrick013",1137,2017-01-02 19:12:00,2311.11
"1058","p3175127","Markov",19,2017-01-02 19:31:00,2294.75
"1059","p3175153","Indexfan89",15,2017-01-02 19:52:00,2452.54
"1060","p3175163","jamrock06",12,2017-01-02 19:58:00,2641.81
"1061","p3175178","toblerone",92,2017-01-02 20:08:00,2777.22
"1062","p3175183","salmonshark",1,2017-01-02 20:11:00,2701.24
"1063","p3175190","Will do good",391,2017-01-02 20:16:00,2439.89
"1064","p3175198","jchris",56,2017-01-02 20:21:00,2373.14
"1065","p3175217","burgrat",190,2017-01-02 20:37:00,2374.69
"1066","p3175222","Livid408",17,2017-01-02 20:42:00,2322.14
"1067","p3175228","matjen",1527,2017-01-02 20:46:00,2475
"1068","p3175236","dave2589",41,2017-01-02 20:52:00,2399.76
"1069","p3175265","finite_difference",446,2017-01-02 21:15:00,2356.194
"1070","p3175272","basspond",746,2017-01-02 21:24:00,2320
"1071","p3175274","WildBill",91,2017-01-02 21:26:00,2506.56
"1072","p3175382","BigJohn",1235,2017-01-02 22:39:00,1956.89
"1073","p3175388","assetsforallocation",11,2017-01-02 22:43:00,1567.89
"1074","p3175391","Ice-9",1090,2017-01-02 22:45:00,1678.5
"1075","p3175392","Saluki31",91,2017-01-02 22:46:00,2487.56
"1076","p3175398","madbrain",4046,2017-01-02 22:51:00,6000
"1077","p3175450","saltycaper",1696,2017-01-02 23:45:00,NA
"1078","p3175584","plats",370,2017-01-03 03:57:00,2909.4
"1079","p3175636","kelvan80",8,2017-01-03 07:16:00,2345.67
"1080","p3175645","tarheel",260,2017-01-03 07:31:00,2126.88
"1081","p3175682","awizard",45,2017-01-03 08:33:00,2586.5
"1082","p3175698","Jiri",1,2017-01-03 08:47:00,2981.35
"1083","p3175704","scottwood2",3,2017-01-03 08:53:00,2127.36
"1084","p3175720","C8H18Engineer",140,2017-01-03 09:04:00,2422
"1085","p3175725","tnbison",91,2017-01-03 09:08:00,2537.64
"1086","p3175747","packet",747,2017-01-03 09:25:00,2349.92
"1087","p3175753","Groundhog",190,2017-01-03 09:29:00,2417.17
"1088","p3175758","sls239",856,2017-01-03 09:33:00,2245
"1089","p3175764","Da5id",857,2017-01-03 09:38:00,2392.14
"1090","p3175780","larrydmsn",73,2017-01-03 09:50:00,2017.13
"1091","p3175783","Nowizard",897,2017-01-03 09:54:00,2424.24
"1092","p3175786","imbogled",110,2017-01-03 09:58:00,2468.99
"1093","p3175795","SurferLife",156,2017-01-03 10:08:00,1919.89
"1094","p3175823","rgarling",159,2017-01-03 10:38:00,2487.5
"1095","p3175832","Frisco Kid",78,2017-01-03 10:45:00,2345.67
"1096","p3175840","Rainmaker41",203,2017-01-03 10:48:00,2238.83
"1097","p3175850","david9117",109,2017-01-03 10:53:00,2351.89
"1098","p3175859","themesrob",19,2017-01-03 10:58:00,2339.76
"1099","p3175863","PatrickA5",161,2017-01-03 11:01:00,2354.02
"1100","p3175866","mevans154",35,2017-01-03 11:03:00,2385.97
"1101","p3175873","bowest",96,2017-01-03 11:05:00,1845.45
"1102","p3175880","panhead",109,2017-01-03 11:09:00,2480.4
"1103","p3175883","bf0123",20,2017-01-03 11:10:00,2116.69
"1104","p3175889","slh4444",1,2017-01-03 11:15:00,2377.44
"1105","p3175891","B. Wellington",38,2017-01-03 11:17:00,2361.1
"1106","p3175895","pqwerty",16,2017-01-03 11:21:00,2286.28
"1107","p3175900","pl28",11,2017-01-03 11:26:00,2344.87
"1108","p3175912","kgressler",53,2017-01-03 11:35:00,2536.58
"1109","p3175939","ready2learn",22,2017-01-03 11:49:00,2020.54
"1110","p3175985","humanities",18,2017-01-03 12:16:00,1789.07
"1111","p3175997","aj76er",114,2017-01-03 12:23:00,2394.67
"1112","p3176003","jpelder",529,2017-01-03 12:29:00,2400
"1113","p3176008","maverick1968",13,2017-01-03 12:33:00,2349.17
"1114","p3176012","nordsteve",526,2017-01-03 12:35:00,1923.71
"1115","p3176017","Finn",70,2017-01-03 12:38:00,2150
"1116","p3176021","phantom0308",1,2017-01-03 12:40:00,1999.99
"1117","p3176041","TomP10",101,2017-01-03 12:53:00,1865.74
"1118","p3176136","KSAL889813",30,2017-01-03 13:39:00,2898.98
"1119","p3176147","The Dan",162,2017-01-03 13:44:00,1818.36
"1120","p3176159","pennywise777",12,2017-01-03 13:47:00,2133.66
"1121","p3176198","DCA",4,2017-01-03 14:10:00,2241.63
"1122","p3176223","knowledge",75,2017-01-03 14:22:00,2346.88
"1123","p3176249","ChampCamp",16,2017-01-03 14:39:00,2181.9
"1124","p3176260","Raladic",174,2017-01-03 14:46:00,2486.4
"1125","p3176261","buccimane",60,2017-01-03 14:46:00,2387.41
"1126","p3176279","barnaclebob",1553,2017-01-03 15:02:00,2525
"1127","p3176296","luv_ice_skating",2,2017-01-03 15:10:00,2049.48
"1128","p3176362","mickens16",299,2017-01-03 15:47:00,2478.09
"1129","p3176366","nmanieri",30,2017-01-03 15:48:00,1986.31
"1130","p3176388","Elsebet",236,2017-01-03 15:59:00,2511.98
"1131","p3176393","BSsaver",4,2017-01-03 16:01:00,2230.11
"1132","p3176415","minesweep",1055,2017-01-03 16:11:00,2544.88
"1133","p3176421","remomnyc",172,2017-01-03 16:14:00,1961.05
"1134","p3176424","tedclu",157,2017-01-03 16:17:00,1918.57
"1135","p3176441","friar1610",762,2017-01-03 16:26:00,2454.26
"1136","p3176444","FamilyGuy87",14,2017-01-03 16:26:00,2482.22
"1137","p3176448","mc7",20,2017-01-03 16:29:00,2381.7
"1138","p3176450","Peter Foley",3556,2017-01-03 16:30:00,2242.42
"1139","p3176465","Charizard",1,2017-01-03 16:40:00,1963.87
"1140","p3176497","vanguardrocks",24,2017-01-03 16:55:00,2316.19
"1141","p3176516","bengal22",1153,2017-01-03 17:02:00,2357.22
"1142","p3176525","Pete12",111,2017-01-03 17:07:00,2411.22
"1143","p3176528","jf89",304,2017-01-03 17:09:00,2458.78
"1144","p3176585","hamishdad",304,2017-01-03 17:46:00,1979.5
"1145","p3176586","tekenn",19,2017-01-03 17:46:00,2100.01
"1146","p3176603","slazers",2,2017-01-03 17:57:00,2446.62
"1147","p3176607","niceguy7376",1648,2017-01-03 17:59:00,2017.31
"1148","p3176633","Hukedonfonix4me",30,2017-01-03 18:21:00,2429.31
"1149","p3176652","quantAndHold",841,2017-01-03 18:36:00,2720.01
"1150","p3176674","Fiddle-Bow",9,2017-01-03 18:49:00,2449.74
"1151","p3176731","Lucky Lemon",47,2017-01-03 19:21:00,1969.22
"1152","p3176748","Marker",4,2017-01-03 19:34:00,2440.17
"1153","p3176789","celia",5063,2017-01-03 19:57:00,2764.272
"1154","p3176864","runner26",451,2017-01-03 20:41:00,2325.81
"1155","p3177030","StevieG72",290,2017-01-03 21:59:00,2507.83
"1156","p3177063","P&C actuary",91,2017-01-03 22:16:00,2202.99
"1157","p3177065","second-guesser",129,2017-01-03 22:17:00,2034
"1158","p3177076","LadyGeek",34906,2017-01-03 22:25:00,NA
"1159","p3177096","Lou354",288,2017-01-03 22:36:00,2347.14
"1160","p3177136","raymclean",52,2017-01-03 23:02:00,2570
"1161","p3177157","Bastiat",24,2017-01-03 23:26:00,2348.76
"1162","p3177161","stlutz",3462,2017-01-03 23:29:00,2077.2
"1163","p3177212","FinancialDave",1443,2017-01-04 00:12:00,2497.3
"1164","p3177217","RN2010",6,2017-01-04 00:17:00,2488.26
"1165","p3177221","NateH",501,2017-01-04 00:22:00,2685
"1166","p3177242","rr2",980,2017-01-04 00:52:00,2011.02
"1167","p3177250","noraz123",117,2017-01-04 01:03:00,2400.17
"1168","p3177255","downshiftme",868,2017-01-04 01:11:00,2032.83
"1169","p3177293","giesen5",111,2017-01-04 02:04:00,2369.84
"1170","p3177425","k66",336,2017-01-04 08:54:00,NA
"1171","p3177437","parsi1",197,2017-01-04 09:09:00,2365
"1172","p3177447","RadAudit",2294,2017-01-04 09:19:00,2325.57
"1173","p3177454","Wolfpacker",5,2017-01-04 09:26:00,1985.49
"1174","p3177493","P&C actuary",91,2017-01-04 09:46:00,NA
"1175","p3177501","kaudrey",763,2017-01-04 09:51:00,2313.13
"1176","p3177623","Milo Bloom",33,2017-01-04 10:55:00,2355.25
