"","id","author","history","date","bid","bull"
"2","p2739525","mudfud",1194,2016-01-01 16:04:00,2244,TRUE
"3","p2739528","Higman",202,2016-01-01 16:07:00,2143.51,TRUE
"4","p2739533","theduke",589,2016-01-01 16:08:00,2043.94,TRUE
"5","p2739540","Mel Lindauer",26328,2016-01-01 16:10:00,1313.13,FALSE
"6","p2739541","Miriam2",1213,2016-01-01 16:11:00,2062,TRUE
"7","p2739542","veggivet",154,2016-01-01 16:11:00,2289.42,TRUE
"8","p2739543","FrugalFrida",90,2016-01-01 16:12:00,2220,TRUE
"9","p2739544","Hodor",199,2016-01-01 16:12:00,2125,TRUE
"10","p2739546","LadyGeek",34906,2016-01-01 16:12:00,2092.99,TRUE
"11","p2739547","Deadwood",34,2016-01-01 16:12:00,2175,TRUE
"12","p2739548","fkampere",54,2016-01-01 16:13:00,1925.99,FALSE
"13","p2739549","JohnnyB",19,2016-01-01 16:13:00,2029.16,FALSE
"14","p2739551","Emeralds",19,2016-01-01 16:13:00,2272.77,TRUE
"15","p2739552","Willmunny",18,2016-01-01 16:14:00,1802,FALSE
"16","p2739554","AQ",416,2016-01-01 16:15:00,2216.66,TRUE
"17","p2739555","jfn111",726,2016-01-01 16:16:00,2145.15,TRUE
"18","p2739557","cfs",3333,2016-01-01 16:17:00,2167.39,TRUE
"19","p2739560","MP1233",127,2016-01-01 16:19:00,2085.81,TRUE
"20","p2739561","g$$",396,2016-01-01 16:20:00,2331,TRUE
"21","p2739563","Roverdog",475,2016-01-01 16:20:00,2238.89,TRUE
"22","p2739564","BigFoot48",2424,2016-01-01 16:21:00,1980,FALSE
"23","p2739565","theDON2050",70,2016-01-01 16:21:00,2065.4,TRUE
"24","p2739567","clip651",191,2016-01-01 16:22:00,2240,TRUE
"25","p2739570","Avo",889,2016-01-01 16:25:00,2222.22,TRUE
"26","p2739571","pennstater2005",2017,2016-01-01 16:26:00,2339.51,TRUE
"27","p2739575","simplesimon",2796,2016-01-01 16:26:00,2773.11,TRUE
"28","p2739577","BeneIRA",160,2016-01-01 16:27:00,1867,FALSE
"29","p2739578","Brian96",18,2016-01-01 16:27:00,2444.87,TRUE
"30","p2739581","KingsBench",34,2016-01-01 16:28:00,2099,TRUE
"31","p2739582","samsmith",67,2016-01-01 16:28:00,1909,FALSE
"32","p2739583","investor",975,2016-01-01 16:28:00,2350.532,TRUE
"33","p2739585","trueblueky",1063,2016-01-01 16:29:00,2098.82,TRUE
"34","p2739586","Christine_NM",2395,2016-01-01 16:30:00,2263.49,TRUE
"35","p2739587","patrick013",1137,2016-01-01 16:31:00,2205.01,TRUE
"36","p2739589","joebh",1708,2016-01-01 16:31:00,2243,TRUE
"37","p2739590","LowER",673,2016-01-01 16:31:00,2137.75,TRUE
"38","p2739599","dore",103,2016-01-01 16:34:00,1847.47,FALSE
"39","p2739602","southport",141,2016-01-01 16:35:00,2151.52,TRUE
"40","p2739605","harlan247",16,2016-01-01 16:38:00,2320,TRUE
"41","p2739608","mc7",20,2016-01-01 16:40:00,2162.31,TRUE
"42","p2739610","vitaflo",660,2016-01-01 16:42:00,1946.64,FALSE
"43","p2739614","JMacDonald",1901,2016-01-01 16:43:00,2227.67,TRUE
"44","p2739616","k66",336,2016-01-01 16:45:00,3294.4,TRUE
"45","p2739622","Minot",378,2016-01-01 16:46:00,2086.18,TRUE
"46","p2739623","randomizer",194,2016-01-01 16:47:00,2198.12,TRUE
"47","p2739627","whonoze",29,2016-01-01 16:48:00,2180,TRUE
"48","p2739630","Tortuga",102,2016-01-01 16:49:00,2177,TRUE
"49","p2739632","renue74",579,2016-01-01 16:51:00,2101,TRUE
"51","p2739636","ShadyOaks",4,2016-01-01 16:53:00,2207.14,TRUE
"52","p2739637","Marker",4,2016-01-01 16:53:00,1997,FALSE
"53","p2739638","grok87",7126,2016-01-01 16:53:00,2126,FALSE
"54","p2739640","hq38sq43",402,2016-01-01 16:54:00,2207.5,TRUE
"55","p2739643","billyo44",17,2016-01-01 16:54:00,2209.5,TRUE
"56","p2739645","rock581",14,2016-01-01 16:55:00,2162.26,TRUE
"57","p2739648","Gropes & Ray",824,2016-01-01 16:57:00,2078.72,TRUE
"58","p2739653","HomoLudens",112,2016-01-01 16:58:00,2017.31,FALSE
"59","p2739654","LAlearning",1365,2016-01-01 16:59:00,2085,TRUE
"60","p2739662","mbres60",728,2016-01-01 17:03:00,2146.32,TRUE
"61","p2739665","Chicago60",240,2016-01-01 17:03:00,1785.28,FALSE
"62","p2739666","Igglesman",433,2016-01-01 17:05:00,2317.94,TRUE
"63","p2739677","Big Mig",9,2016-01-01 17:09:00,2169.44,TRUE
"64","p2739689","Frank2012",48,2016-01-01 17:15:00,1797,FALSE
"65","p2739704","dbltrbl",638,2016-01-01 17:22:00,1647.78,FALSE
"66","p2739705","mister_sparkle",162,2016-01-01 17:22:00,2177.5,TRUE
"67","p2739707","bombcar",372,2016-01-01 17:23:00,2295.34,TRUE
"68","p2739709","Daryl",245,2016-01-01 17:23:00,2073.31,TRUE
"69","p2739710","ww340",133,2016-01-01 17:23:00,2120.2,TRUE
"70","p2739713","krill",11,2016-01-01 17:24:00,2182.01,TRUE
"71","p2739715","blueblock",607,2016-01-01 17:25:00,2090,TRUE
"72","p2739721","FreeAtLast",444,2016-01-01 17:28:00,1880.46,FALSE
"73","p2739730","vin44",4,2016-01-01 17:30:00,2090.1,TRUE
"74","p2739734","Dan_NoVA",13,2016-01-01 17:32:00,2222,TRUE
"75","p2739737","renter",302,2016-01-01 17:32:00,1250.5,FALSE
"76","p2739739","sport",5035,2016-01-01 17:33:00,2187,TRUE
"77","p2739742","Stonebr",1430,2016-01-01 17:37:00,2210,TRUE
"78","p2739744","L.Washington",3,2016-01-01 17:37:00,2112.76,TRUE
"79","p2739747","Big Snack",26,2016-01-01 17:39:00,1967.13,FALSE
"80","p2739749","Adam11",27,2016-01-01 17:40:00,1985.09,FALSE
"81","p2739752","kylevet",17,2016-01-01 17:41:00,2190.2,TRUE
"82","p2739756","PedsDoc",25,2016-01-01 17:42:00,2241.65,TRUE
"83","p2739768","madpunster",101,2016-01-01 17:46:00,2345.67,TRUE
"84","p2739771","dolphintraveler",61,2016-01-01 17:46:00,2009.04,FALSE
"85","p2739772","parsi1",197,2016-01-01 17:47:00,2016,FALSE
"86","p2739784","stratton",11070,2016-01-01 17:51:00,1900,FALSE
"87","p2739785","cheese_breath",6920,2016-01-01 17:52:00,1930,FALSE
"88","p2739788","Sally",305,2016-01-01 17:54:00,2166.58,TRUE
"89","p2739791","BHCadet",390,2016-01-01 17:55:00,2209.49,TRUE
"90","p2739799","JoMoney",3724,2016-01-01 17:59:00,2288.88,TRUE
"91","p2739814","JDaniels",242,2016-01-01 18:07:00,2164.53,TRUE
"92","p2739816","Marester",25,2016-01-01 18:09:00,2108,TRUE
"93","p2739819","letsgobobby",9675,2016-01-01 18:11:00,1658.74,FALSE
"94","p2739820","tycho",6,2016-01-01 18:11:00,2084.81,TRUE
"95","p2739826","indexfundfan",1734,2016-01-01 18:14:00,2252.8,TRUE
"96","p2739829","Rick Ferri",8200,2016-01-01 18:16:00,2452.73,TRUE
"97","p2739831","FRANK2009",266,2016-01-01 18:19:00,2125.7,TRUE
"98","p2739833","stlutz",3462,2016-01-01 18:20:00,2330.09,TRUE
"99","p2739834","Silence Dogood",628,2016-01-01 18:21:00,2055,TRUE
"100","p2739839","TXJuice",111,2016-01-01 18:25:00,2126.87,TRUE
"101","p2739841","aorin",26,2016-01-01 18:26:00,2198.7,TRUE
"102","p2739853","PugetSoundguy",116,2016-01-01 18:35:00,2188,TRUE
"103","p2739861","BigJohn",1235,2016-01-01 18:42:00,1858.9,FALSE
"104","p2739862","Wabbit",100,2016-01-01 18:42:00,1840,FALSE
"105","p2739864","maverick1968",13,2016-01-01 18:43:00,2146.16,TRUE
"106","p2739871","coude_cath",2,2016-01-01 18:50:00,2289.21,TRUE
"107","p2739885","chw",212,2016-01-01 19:04:00,2202.41,TRUE
"108","p2739892","Meaty",446,2016-01-01 19:11:00,2248,TRUE
"109","p2739897","anonforthis",409,2016-01-01 19:13:00,2144,TRUE
"110","p2739899","Cwise",16,2016-01-01 19:14:00,2207.46,TRUE
"111","p2739905","oldzey",490,2016-01-01 19:16:00,2181.81,TRUE
"112","p2739909","walletless",605,2016-01-01 19:18:00,2150,TRUE
"113","p2739915","jmg229",306,2016-01-01 19:23:00,2145.73,TRUE
"114","p2739916","chonp3",59,2016-01-01 19:25:00,2120,TRUE
"115","p2739918","iaminam",23,2016-01-01 19:26:00,2129.93,TRUE
"116","p2739919","nwrolla",133,2016-01-01 19:27:00,2131,TRUE
"117","p2739920","J295",807,2016-01-01 19:27:00,2244,TRUE
"118","p2739921","GoldenFinch",1024,2016-01-01 19:27:00,2182.49,TRUE
"119","p2739929","jlegato",5,2016-01-01 19:31:00,2100,TRUE
"120","p2739933","Compound",327,2016-01-01 19:32:00,1997,FALSE
"121","p2739935","tacster",244,2016-01-01 19:33:00,2249.34,TRUE
"122","p2739943","JWooden10",48,2016-01-01 19:37:00,2225,TRUE
"123","p2739945","Ice-9",1090,2016-01-01 19:37:00,1696.25,FALSE
"124","p2739947","JI0124",35,2016-01-01 19:38:00,2115.27,TRUE
"125","p2739948","Teague",396,2016-01-01 19:40:00,1980.56,FALSE
"126","p2739950","Dantes",81,2016-01-01 19:41:00,2024.78,FALSE
"127","p2739958","sls239",856,2016-01-01 19:45:00,2080,TRUE
"128","p2739961","BostonBoy",122,2016-01-01 19:46:00,2185.5,TRUE
"130","p2739982","amphora",174,2016-01-01 19:57:00,2154.25,TRUE
"131","p2739987","triceratop",1441,2016-01-01 19:59:00,1831,FALSE
"132","p2740000","alisa4804",349,2016-01-01 20:05:00,2319.87,FALSE
"133","p2740001","Purelife304",211,2016-01-01 20:05:00,2453.73,TRUE
"134","p2740002","TIAX",494,2016-01-01 20:06:00,2199,TRUE
"135","p2740004","tnjj",17,2016-01-01 20:07:00,2323.97,TRUE
"136","p2740016","necrotic",21,2016-01-01 20:12:00,2113.45,TRUE
"137","p2740024","camper",835,2016-01-01 20:16:00,2004.13,FALSE
"138","p2740030","Justin87",27,2016-01-01 20:20:00,2226.17,TRUE
"139","p2740034","MidFlorida1214",14,2016-01-01 20:21:00,1993.65,FALSE
"140","p2740038","EyeYield",464,2016-01-01 20:23:00,2326.55,TRUE
"141","p2740041","Flobes",680,2016-01-01 20:24:00,2121.72,TRUE
"142","p2740043","Atomic",13,2016-01-01 20:24:00,2222.23,TRUE
"143","p2740046","Boglenaut",3090,2016-01-01 20:26:00,2221.967174,TRUE
"144","p2740059","mark18068",31,2016-01-01 20:33:00,2193.35,TRUE
"145","p2740061","spin_echo",146,2016-01-01 20:33:00,2101.12,TRUE
"146","p2740064","Cb",273,2016-01-01 20:36:00,2105,TRUE
"147","p2740067","Gill",2784,2016-01-01 20:38:00,2175.67,TRUE
"148","p2740070","bac573",67,2016-01-01 20:44:00,1914.77,FALSE
"149","p2740074","ge1",212,2016-01-01 20:47:00,1731,FALSE
"150","p2740076","TimeRunner",885,2016-01-01 20:48:00,2108,TRUE
"151","p2740086","gkaplan",6515,2016-01-01 20:54:00,1926,FALSE
"152","p2740091","runner26",451,2016-01-01 20:58:00,2212.04,TRUE
"153","p2740097","stemikger",4024,2016-01-01 20:59:00,2100,TRUE
"154","p2740101","dodecahedron",2696,2016-01-01 21:01:00,2555,TRUE
"155","p2740111","swellkarl",23,2016-01-01 21:11:00,2219,TRUE
"156","p2740116","mattshwink",258,2016-01-01 21:12:00,2187,TRUE
"157","p2740121","Keeper33",1,2016-01-01 21:15:00,1765.65,FALSE
"158","p2740123","nordsteve",526,2016-01-01 21:15:00,1830,FALSE
"159","p2740128","DCChak",25,2016-01-01 21:20:00,2135,TRUE
"160","p2740133","The Wizard",9249,2016-01-01 21:22:00,1941.74,FALSE
"162","p2740138","jwillis77373",374,2016-01-01 21:27:00,2305.16,TRUE
"163","p2740142","athan",70,2016-01-01 21:29:00,2287,TRUE
"164","p2740151","chi_ra",3,2016-01-01 21:34:00,2196.83,TRUE
"165","p2740158","protagonist",4453,2016-01-01 21:36:00,1600,FALSE
"166","p2740159","hornet96",354,2016-01-01 21:38:00,2299.43,TRUE
"167","p2740160","galectin",133,2016-01-01 21:39:00,2180.44,TRUE
"168","p2740161","docbrown",49,2016-01-01 21:41:00,2131.83,TRUE
"169","p2740168","iRetina",18,2016-01-01 21:43:00,2120,TRUE
"170","p2740174","CUBuffs",115,2016-01-01 21:46:00,2108,FALSE
"171","p2740182","Grt2bOutdoors",15116,2016-01-01 21:50:00,2149.94,TRUE
"172","p2740195","fortyofforty",743,2016-01-01 21:54:00,1637.4,FALSE
"173","p2740231","amitb00",282,2016-01-01 22:17:00,2116,TRUE
"174","p2740252","larrydmsn",73,2016-01-01 22:32:00,2016.12,FALSE
"175","p2740267","wolf359",610,2016-01-01 22:39:00,1961.2,FALSE
"176","p2740269","vginvestor",14,2016-01-01 22:41:00,2148.5,TRUE
"177","p2740276","oragne lovre",454,2016-01-01 22:46:00,2099.9,TRUE
"178","p2740284","saltycaper",1696,2016-01-01 22:52:00,2131.82,TRUE
"179","p2740286","doglaws",10,2016-01-01 22:55:00,1634.4,FALSE
"180","p2740287","grabiner",18900,2016-01-01 22:56:00,1812,FALSE
"181","p2740288","Sheepdog",4477,2016-01-01 22:57:00,2135.92,TRUE
"182","p2740297","MeVe671",6,2016-01-01 23:03:00,2016.9,FALSE
"183","p2740303","Zott",133,2016-01-01 23:09:00,2279.81,TRUE
"184","p2740305","MathMajor",3,2016-01-01 23:10:00,2152.56,TRUE
"185","p2740308","Dwayne",21,2016-01-01 23:11:00,2156.35,TRUE
"186","p2740315","g koz",111,2016-01-01 23:19:00,2194.33,TRUE
"187","p2740317","bhtomj",77,2016-01-01 23:20:00,2208.01,TRUE
"188","p2740318","jj",153,2016-01-01 23:21:00,2107.77,TRUE
"189","p2740322","auntie",261,2016-01-01 23:22:00,1945,FALSE
"190","p2740329","michaelsieg",517,2016-01-01 23:27:00,1648,FALSE
"191","p2740332","quantAndHold",841,2016-01-01 23:32:00,2135.98,TRUE
"192","p2740335","naha66",94,2016-01-01 23:34:00,2155.55,TRUE
"193","p2740343","moshe",389,2016-01-01 23:43:00,2177,TRUE
"194","p2740349","resurgemus",15,2016-01-01 23:47:00,2105.26,TRUE
"195","p2740351","senhati",16,2016-01-01 23:48:00,2150.5,TRUE
"196","p2740358","Carl53",1284,2016-01-02 00:01:00,2086.33,TRUE
"197","p2740362","paco sabio",19,2016-01-02 00:06:00,2208.08,TRUE
"198","p2740371","Xanadu",187,2016-01-02 00:12:00,1976.07,FALSE
"199","p2740377","pondering",614,2016-01-02 00:16:00,2187.02,TRUE
"201","p2740391","SAB",24,2016-01-02 00:28:00,1694.27,FALSE
"202","p2740394","stussy",8,2016-01-02 00:31:00,2134,TRUE
"203","p2740399","speedbump101",997,2016-01-02 00:38:00,2197.23,TRUE
"204","p2740403","AlanDistro",27,2016-01-02 00:46:00,2224,TRUE
"206","p2740424","GreatOdinsRaven",348,2016-01-02 01:20:00,2309,TRUE
"207","p2740431","MnD",2786,2016-01-02 01:33:00,2411.86,TRUE
"208","p2740438","StormShadow",461,2016-01-02 02:07:00,2257.14,TRUE
"209","p2740444","2comma",845,2016-01-02 02:25:00,2111.11,TRUE
"210","p2740446","curiousinvestor",75,2016-01-02 02:26:00,2001.97,FALSE
"211","p2740448","Dovahkiin",38,2016-01-02 02:34:00,2133.7,TRUE
"212","p2740451","Penn State Bob",40,2016-01-02 02:37:00,2152.12,TRUE
"213","p2740454","westcoast",142,2016-01-02 02:42:00,2280.4,TRUE
"214","p2740456","FastEd",14,2016-01-02 02:49:00,2122.12,TRUE
"215","p2740472","Mudpuppy",4507,2016-01-02 03:58:00,2174.51,TRUE
"216","p2740483","basspond",746,2016-01-02 04:34:00,2155.75,TRUE
"217","p2740488","red5",728,2016-01-02 05:28:00,1948.58,FALSE
"218","p2740497","oncorhynchus",107,2016-01-02 06:18:00,2125.7,TRUE
"219","p2740498","Cernel",263,2016-01-02 06:22:00,2142.9,TRUE
"220","p2740501","Traveller",488,2016-01-02 06:39:00,2191,TRUE
"221","p2740502","Bustoff",1968,2016-01-02 06:44:00,1953,FALSE
"222","p2740503","JCE66",206,2016-01-02 06:49:00,2108.15,TRUE
"223","p2740505","tyrnup13",37,2016-01-02 06:50:00,1941.76,FALSE
"224","p2740511","dustytown",12,2016-01-02 06:55:00,2028.69,FALSE
"225","p2740514","Doreamon",47,2016-01-02 07:04:00,1972,FALSE
"226","p2740523","jon-nyc",919,2016-01-02 07:21:00,1968.9,FALSE
"227","p2740530","stickman731",215,2016-01-02 07:35:00,2207.31,TRUE
"228","p2740533","ERMD",249,2016-01-02 07:42:00,1979.96,FALSE
"229","p2740535","Call_Me_Op",6315,2016-01-02 07:45:00,2207.12,TRUE
"230","p2740539","Swampy",696,2016-01-02 07:51:00,1573.83,FALSE
"231","p2740562","KarenC",21,2016-01-02 08:15:00,2208.71,TRUE
"232","p2740564","sumi",18,2016-01-02 08:18:00,2145,TRUE
"233","p2740581","crg11",376,2016-01-02 08:34:00,2300,TRUE
"235","p2740608","BTDT",696,2016-01-02 08:58:00,2250.1,TRUE
"236","p2740612","Hop",6,2016-01-02 09:03:00,2207.46,TRUE
"237","p2740613","goingup",1937,2016-01-02 09:04:00,2167,TRUE
"238","p2740616","rustymutt",3496,2016-01-02 09:06:00,2203,TRUE
"239","p2740644","moodindigo",9,2016-01-02 09:25:00,1978.54,FALSE
"240","p2740651","vested1",901,2016-01-02 09:31:00,2105.05,TRUE
"241","p2740655","AllenSmith",112,2016-01-02 09:34:00,2109.38,TRUE
"242","p2740667","exoilman",624,2016-01-02 09:41:00,2055.26,TRUE
"243","p2740669","elgob.bogle",662,2016-01-02 09:44:00,1993.33,FALSE
"244","p2740685","Aptenodytes",3693,2016-01-02 09:57:00,2110.04,TRUE
"246","p2740706","xystici",296,2016-01-02 10:03:00,1849.5,FALSE
"247","p2740711","LiveSimple",725,2016-01-02 10:06:00,2323.23,TRUE
"248","p2740722","goalie",138,2016-01-02 10:09:00,1750.65,FALSE
"249","p2740726","jf89",304,2016-01-02 10:14:00,2225.88,TRUE
"250","p2740732","minesweep",1055,2016-01-02 10:18:00,2270.97,TRUE
"251","p2740736","boglengineer",28,2016-01-02 10:21:00,2013.98,FALSE
"252","p2740738","TheTimeLord",3282,2016-01-02 10:21:00,2452,TRUE
"253","p2740757","VA_Gent",145,2016-01-02 10:33:00,1500,FALSE
"254","p2740758","lumpy",1,2016-01-02 10:33:00,2230,TRUE
"255","p2740760","CABob",4118,2016-01-02 10:34:00,2121.21,TRUE
"256","p2740773","FrugalInvestor",4039,2016-01-02 10:42:00,2225.72,TRUE
"257","p2740814","jadi",1,2016-01-02 11:05:00,2247,TRUE
"258","p2740860","slow n steady",196,2016-01-02 11:39:00,2273.81,TRUE
"259","p2740862","midareff",4331,2016-01-02 11:42:00,2000,FALSE
"260","p2740863","SimonJester",1011,2016-01-02 11:42:00,2150,TRUE
"261","p2740921","Ana Z",9,2016-01-02 12:26:00,2017.15,FALSE
"262","p2740925","corysold",457,2016-01-02 12:32:00,2082.77,TRUE
"263","p2740931","SquawkIdent",289,2016-01-02 12:35:00,1963.42,FALSE
"264","p2740935","nbseer",129,2016-01-02 12:37:00,1997.13,FALSE
"265","p2740937","locald00d",5,2016-01-02 12:38:00,1984.2,FALSE
"266","p2740945","JPH",513,2016-01-02 12:42:00,2121.21,TRUE
"267","p2740988","bdavidson",102,2016-01-02 13:15:00,2058.9,TRUE
"268","p2740998","Whit",50,2016-01-02 13:24:00,2269.02,TRUE
"269","p2741003","artthomp",305,2016-01-02 13:26:00,2146,TRUE
"270","p2741013","zotty",841,2016-01-02 13:31:00,2166,TRUE
"271","p2741019","jimmyq",74,2016-01-02 13:36:00,2283.08,TRUE
"272","p2741022","pennywise777",12,2016-01-02 13:37:00,1151.63,FALSE
"273","p2741048","Salty1",84,2016-01-02 13:54:00,2258.13,TRUE
"274","p2741076","imbogled",110,2016-01-02 14:16:00,2199.99,TRUE
"275","p2741077","Lafder",3317,2016-01-02 14:17:00,2056.134,TRUE
"276","p2741093","bikeguyken",52,2016-01-02 14:32:00,2104.2,TRUE
"277","p2741156","spth",99,2016-01-02 15:14:00,2005,FALSE
"278","p2741160","TallBoy29er",148,2016-01-02 15:17:00,2005.8,FALSE
"279","p2741167","abuss368",10988,2016-01-02 15:22:00,2124.49,TRUE
"280","p2741182","Anon1234",740,2016-01-02 15:29:00,2187.02,TRUE
"281","p2741190","gks",189,2016-01-02 15:35:00,2166.58,TRUE
"282","p2741194","Drewman",69,2016-01-02 15:37:00,2084.1,TRUE
"283","p2741197","TomP10",101,2016-01-02 15:38:00,1634,FALSE
"284","p2741215","gdetore",134,2016-01-02 15:54:00,2054.54,TRUE
"285","p2741220","Thrift Shop",47,2016-01-02 16:00:00,1825.2,FALSE
"286","p2741225","toblerone",92,2016-01-02 16:01:00,2291.21,TRUE
"287","p2741227","jane1",695,2016-01-02 16:02:00,2193.1,TRUE
"288","p2741234","hadron",18,2016-01-02 16:08:00,1950.01,FALSE
"289","p2741248","tekenn",19,2016-01-02 16:17:00,2300.01,TRUE
"290","p2741251","kumar6851",8,2016-01-02 16:19:00,2112,TRUE
"291","p2741254","timboktoo",664,2016-01-02 16:20:00,2148.18,TRUE
"292","p2741265","webslinger",95,2016-01-02 16:29:00,1839.55,FALSE
"293","p2741270","burgrat",190,2016-01-02 16:43:00,2159.6,TRUE
"295","p2741305","IlliniDave",2010,2016-01-02 17:14:00,2112.64,TRUE
"296","p2741328","amock",1,2016-01-02 17:37:00,2189.72,TRUE
"297","p2741349","r60rider",21,2016-01-02 17:51:00,2105.25,TRUE
"298","p2741364","Groundhog",190,2016-01-02 18:06:00,2243.16,TRUE
"299","p2741368","EnjoyIt",1125,2016-01-02 18:10:00,2222.22,TRUE
"300","p2741370","cudaman",350,2016-01-02 18:11:00,1899.99,FALSE
"301","p2741379","nodenuff2",282,2016-01-02 18:25:00,2235.81,TRUE
"302","p2741385","Grapevine ATL",92,2016-01-02 18:33:00,2164.736,TRUE
"303","p2741400","tuningfork",191,2016-01-02 18:54:00,2106.12,TRUE
"304","p2741408","Terraplane",28,2016-01-02 19:02:00,2252,TRUE
"305","p2741425","2DrsSeekFreedom",13,2016-01-02 19:12:00,1856.35,FALSE
"306","p2741429","Info_Hound",233,2016-01-02 19:13:00,2146.03,TRUE
"307","p2741458","tennisplyr",1044,2016-01-02 19:33:00,2136.56,TRUE
"308","p2741482","Bruce",297,2016-01-02 19:44:00,2098.5,TRUE
"309","p2741522","uuuuu",12,2016-01-02 20:08:00,2201.38,TRUE
"310","p2741531","mediocreCPA",14,2016-01-02 20:13:00,2181.7,TRUE
"311","p2741543","StevieG72",290,2016-01-02 20:21:00,2391.41,TRUE
"312","p2741553","loveyourheart",7,2016-01-02 20:31:00,2222.22,TRUE
"313","p2741564","Namashkar",55,2016-01-02 20:38:00,2143.94,TRUE
"314","p2741570","kirent",527,2016-01-02 20:40:00,2200,TRUE
"315","p2741577","Schu",64,2016-01-02 20:42:00,1630,FALSE
"316","p2741605","BSA44",87,2016-01-02 21:20:00,2236,TRUE
"317","p2741613","Azathoth",6,2016-01-02 21:29:00,2176.77,TRUE
"318","p2741617","froggy",46,2016-01-02 21:33:00,2252.01,TRUE
"319","p2741624","Random Musings",5201,2016-01-02 21:38:00,1565.65,FALSE
"320","p2741654","Jaxfann",63,2016-01-02 22:00:00,2145.1,TRUE
"321","p2741666","dave2589",41,2016-01-02 22:12:00,2175.794,TRUE
"322","p2741683","noraz123",117,2016-01-02 22:29:00,2127.73,TRUE
"323","p2741688","Saluki31",91,2016-01-02 22:34:00,2271.02,TRUE
"324","p2741697","SurferD",118,2016-01-02 22:52:00,2219,TRUE
"325","p2741702","DEZ1",45,2016-01-02 22:59:00,2311,TRUE
"326","p2741715","paper200",246,2016-01-02 23:14:00,2200,TRUE
"327","p2741725","bstevlin",138,2016-01-02 23:26:00,1875.47,FALSE
"328","p2741727","AzRunner",990,2016-01-02 23:28:00,2299.43,TRUE
"329","p2741733","HuckFinn",35,2016-01-02 23:33:00,2129.79,TRUE
"330","p2741753","MNGopher",141,2016-01-03 00:07:00,2016.12,FALSE
"331","p2741762","DG99999",147,2016-01-03 00:20:00,2207.46,TRUE
"332","p2741764","brewsky",8,2016-01-03 00:26:00,2323.23,TRUE
"333","p2741770","Raymond",1026,2016-01-03 00:34:00,2456,TRUE
"334","p2741775","jstash",54,2016-01-03 00:46:00,2132.75,TRUE
"335","p2741787","FinancialDave",1443,2016-01-03 01:26:00,2174.9,TRUE
"336","p2741792","BobSail",46,2016-01-03 01:52:00,2180.9,TRUE
"337","p2741800","thomasbayarea",345,2016-01-03 02:25:00,2420,TRUE
"338","p2741802","bzargarcia",35,2016-01-03 02:39:00,2177.36,TRUE
"339","p2741808","boo-yah",32,2016-01-03 02:54:00,2222.33,TRUE
"340","p2741812","jefmafnl",376,2016-01-03 03:01:00,2044,TRUE
"341","p2741820","black",1,2016-01-03 03:36:00,2300,TRUE
"342","p2741822","ray.james",711,2016-01-03 03:41:00,2304,TRUE
"343","p2741835","FiveK",1722,2016-01-03 04:40:00,2189.5,TRUE
"344","p2741840","Polymath",100,2016-01-03 05:13:00,2129.9,TRUE
"345","p2741843","Aish",128,2016-01-03 05:20:00,2006,FALSE
"346","p2741850","SGM",1976,2016-01-03 05:51:00,2123,TRUE
"347","p2741899","MSchleicher",81,2016-01-03 08:14:00,2184.65,TRUE
"348","p2741904","bosman",7,2016-01-03 08:17:00,2265.65,TRUE
"349","p2741919","kdub",29,2016-01-03 08:37:00,1842,FALSE
"350","p2741933","that_guy",3,2016-01-03 08:48:00,2139.3,TRUE
"351","p2741949","Makaveli",458,2016-01-03 09:09:00,2222.22,TRUE
"352","p2741991","indexlover",23,2016-01-03 10:05:00,2207.46,TRUE
"353","p2741993","selftalk",832,2016-01-03 10:06:00,2171.68,TRUE
"354","p2742000","david9117",109,2016-01-03 10:08:00,2207.58,TRUE
"355","p2742111","dbCooperAir",1107,2016-01-03 11:30:00,2012.34,FALSE
"356","p2742118","dougger5",153,2016-01-03 11:35:00,2075.62,TRUE
"357","p2742131","warrends",8,2016-01-03 11:43:00,2172,TRUE
"359","p2742143","teacher",911,2016-01-03 11:49:00,2233,TRUE
"360","p2742149","Sbashore",923,2016-01-03 11:55:00,2288,TRUE
"361","p2742154","LazyNihilist",820,2016-01-03 12:00:00,2084.82,TRUE
"362","p2742158","retiredengineer",6,2016-01-03 12:04:00,1856.4,FALSE
"363","p2742159","260chrisb",103,2016-01-03 12:07:00,2443,TRUE
"364","p2742161","runner9",1832,2016-01-03 12:10:00,2087,TRUE
"365","p2742173","packet",747,2016-01-03 12:19:00,2099.39,TRUE
"366","p2742239","brukster",8,2016-01-03 13:01:00,2310.5,TRUE
"367","p2742254","richland",1,2016-01-03 13:14:00,2224,TRUE
"368","p2742255","unclescrooge",886,2016-01-03 13:15:00,2262.51,TRUE
"369","p2742278","slickwillbo",73,2016-01-03 13:32:00,2016,FALSE
"370","p2742285","Angelus359",540,2016-01-03 13:34:00,2000,FALSE
"371","p2742290","matjen",1527,2016-01-03 13:36:00,2199,TRUE
"372","p2742299","MitchC",66,2016-01-03 13:45:00,1489,FALSE
"373","p2742322","Darion",11,2016-01-03 13:59:00,1924.32,FALSE
"374","p2742328","DWD",150,2016-01-03 14:02:00,2102.56,TRUE
"375","p2742330","imperialyoyo",28,2016-01-03 14:03:00,2059,TRUE
"376","p2742334","ffstretch",19,2016-01-03 14:08:00,1941.52,FALSE
"377","p2742351","jamacq",161,2016-01-03 14:17:00,2136,TRUE
"378","p2742365","Pursuitofquality",24,2016-01-03 14:25:00,1974.11,FALSE
"379","p2742390","jimcrawford01",48,2016-01-03 14:39:00,2025.54,FALSE
"380","p2742401","shipwreck",47,2016-01-03 14:46:00,2153.73,TRUE
"381","p2742424","Horsefly",84,2016-01-03 15:00:00,2182.99,TRUE
"382","p2742497","bmsuter",13,2016-01-03 15:46:00,2211.25,TRUE
"383","p2742537","Wild Willie",121,2016-01-03 16:08:00,2016,FALSE
"384","p2742583","UncleBen",175,2016-01-03 16:37:00,2113.06,TRUE
"385","p2742598","EEEguy",48,2016-01-03 16:46:00,2105.25,TRUE
"386","p2742606","happy_statistician",1,2016-01-03 16:52:00,2115,TRUE
"387","p2742639","talltodd",127,2016-01-03 17:10:00,2175.7,TRUE
"388","p2742645","smartinwate",826,2016-01-03 17:15:00,2125.7,TRUE
"389","p2742646","gclancer",283,2016-01-03 17:15:00,1986.53,FALSE
"390","p2742722","marekc",8,2016-01-03 18:29:00,2150,TRUE
"391","p2742727","arsenalfan",237,2016-01-03 18:33:00,2191.93,TRUE
"392","p2742753","slowbutsteady",24,2016-01-03 18:57:00,2223,TRUE
"393","p2742763","Randolph",18,2016-01-03 19:08:00,2072.07,TRUE
"394","p2742853","Fallible",5671,2016-01-03 20:21:00,2060.48,TRUE
"395","p2742859","n171n",67,2016-01-03 20:27:00,2220,TRUE
"396","p2742890","Dadarkar",145,2016-01-03 20:53:00,1996,FALSE
"397","p2742896","tony44",132,2016-01-03 21:01:00,2201,TRUE
"398","p2742911","LiketoHike",23,2016-01-03 21:07:00,1996.24,FALSE
"399","p2742929","Manbaerpig",1368,2016-01-03 21:25:00,2125.69,TRUE
"400","p2742933","RedBug",29,2016-01-03 21:27:00,2121.31,TRUE
"401","p2742939","RyeWhiskey",850,2016-01-03 21:31:00,1724.1,FALSE
"402","p2742944","Robert C F",39,2016-01-03 21:34:00,2084.82,TRUE
"403","p2742949","just frank",898,2016-01-03 21:40:00,2392.03,TRUE
"404","p2742952","Munir",2173,2016-01-03 21:44:00,2233,TRUE
"405","p2742958","bf0123",20,2016-01-03 21:49:00,2289.21,TRUE
"406","p2742959","Green_machine",2,2016-01-03 21:49:00,2146.14,TRUE
"407","p2742965","benne77",23,2016-01-03 21:52:00,1883.45,FALSE
"408","p2742975","HighFive",16,2016-01-03 22:05:00,2006.06,FALSE
"409","p2742977","bpr",26,2016-01-03 22:07:00,2213.6,TRUE
"410","p2742990","warowits",164,2016-01-03 22:16:00,2145,TRUE
"411","p2742992","DCA",4,2016-01-03 22:17:00,2071.73,TRUE
"412","p2742995","mouth",60,2016-01-03 22:19:00,2165.58,TRUE
"413","p2743029","snowshoes",300,2016-01-03 22:55:00,1818.18,FALSE
"414","p2743040","Norris",514,2016-01-03 23:07:00,2053,TRUE
"415","p2743049","snarlyjack",179,2016-01-03 23:21:00,1950,FALSE
"416","p2743051","Peter Foley",3556,2016-01-03 23:23:00,2142.42,TRUE
"417","p2743057","barnaclebob",1553,2016-01-03 23:31:00,2112.3,TRUE
"418","p2743079","Tim Bachmann",17,2016-01-04 00:00:00,1821,FALSE
"419","p2743087","kiddoc",266,2016-01-04 00:06:00,1766,FALSE
"420","p2743109","sperry8",1140,2016-01-04 00:36:00,2283.06,TRUE
"421","p2743119","MrKnight",215,2016-01-04 00:48:00,2289.2128,TRUE
"422","p2743213","timmydink",14,2016-01-04 06:59:00,1958.62,FALSE
"423","p2743226","Spewin",126,2016-01-04 07:38:00,2147.25,TRUE
"424","p2743231","BarryZuckerkorn",40,2016-01-04 07:49:00,2127.74,TRUE
"425","p2743238","blacklab",15,2016-01-04 08:05:00,1941,FALSE
"426","p2743243","JimmyD",638,2016-01-04 08:22:00,1969,FALSE
"427","p2743255","Steven28",86,2016-01-04 08:37:00,2125.7,TRUE
"428","p2743343","littlejohn309",14,2016-01-04 10:13:00,2340,TRUE
"429","p2743368","aeronina",36,2016-01-04 10:31:00,2088.8,TRUE
"430","p2743386","fishingmn",59,2016-01-04 10:38:00,1876,FALSE
"431","p2743421","Derby",39,2016-01-04 10:51:00,2222.22,TRUE
"432","p2743437","archii",131,2016-01-04 11:00:00,2010.55,FALSE
"433","p2743443","knowledge",75,2016-01-04 11:01:00,2188.88,TRUE
"435","p2743465","NOgmacks",147,2016-01-04 11:07:00,2247,TRUE
"436","p2743472","shaX",64,2016-01-04 11:10:00,2214.07,TRUE
"437","p2743501","Sriracha",486,2016-01-04 11:20:00,1804.63,FALSE
"438","p2743514","Markov",19,2016-01-04 11:25:00,2008.14,FALSE
"439","p2743522","swimirvine",360,2016-01-04 11:27:00,2231.04,TRUE
"441","p2743546","Finn",70,2016-01-04 11:39:00,2146.5,TRUE
"442","p2743573","bengal22",1153,2016-01-04 11:49:00,2143,TRUE
"443","p2743582","Savvy",257,2016-01-04 11:52:00,1875,FALSE
"444","p2743616","FlyOverState",82,2016-01-04 12:16:00,2110.1,TRUE
"445","p2743636","slowmoney",143,2016-01-04 12:27:00,1911.08,FALSE
"446","p2743645","TheRightKost87",247,2016-01-04 12:32:00,1987.12,FALSE
"447","p2743647","max12377",136,2016-01-04 12:33:00,2345.67,TRUE
"449","p2743679","rick2427",58,2016-01-04 12:46:00,2208,TRUE
"450","p2743687","ofcmetz",2203,2016-01-04 12:51:00,2129,TRUE
"451","p2743712","newuser",25,2016-01-04 13:01:00,1976,FALSE
"452","p2743722","Starting From Scratch",19,2016-01-04 13:08:00,1700,FALSE
"453","p2743735","kgressler",53,2016-01-04 13:18:00,2171.69,TRUE
"454","p2743737","celia",5063,2016-01-04 13:19:00,2316.16,TRUE
"455","p2743742","jpelder",529,2016-01-04 13:21:00,2160.65,TRUE
"456","p2743744","b42",118,2016-01-04 13:22:00,2093.67,TRUE
"457","p2743780","Not Law",66,2016-01-04 13:44:00,2351.69,TRUE
"458","p2743787","Qtman",414,2016-01-04 13:46:00,2121.22,TRUE
"459","p2743828","Water",3,2016-01-04 14:05:00,2016,FALSE
"460","p2743976","JerryK",7,2016-01-04 15:26:00,2271.69,TRUE
"461","p2743978","Molly12",14,2016-01-04 15:27:00,2345,TRUE
"462","p2743985","mptfan",3835,2016-01-04 15:32:00,2260,TRUE
"463","p2744031","Nozzle",25,2016-01-04 16:02:00,2187,TRUE
"464","p2744067","Morik",657,2016-01-04 16:24:00,2214.76,TRUE
"465","p2744101","Lake Living",91,2016-01-04 16:38:00,2105.26,TRUE
"466","p2744127","RyanC",51,2016-01-04 16:49:00,2145.3,TRUE
"467","p2744136","whatusername?",587,2016-01-04 16:54:00,1958.91,FALSE
"468","p2744165","jornsy",14,2016-01-04 17:12:00,2115.48,TRUE
"469","p2744321","Boglemama",290,2016-01-04 19:01:00,2012.83,FALSE
"470","p2744336","jchris",56,2016-01-04 19:11:00,2088.34,TRUE
"471","p2744350","RTR2006",823,2016-01-04 19:20:00,2142.8,TRUE
"472","p2744366","Angst",1484,2016-01-04 19:28:00,2030,FALSE
"473","p2744372","lee1026",389,2016-01-04 19:32:00,2200,TRUE
"474","p2744378","amarone",418,2016-01-04 19:36:00,2058.9,TRUE
"475","p2744380","BoringIsBeautiful",16,2016-01-04 19:37:00,1999.98,FALSE
"476","p2744386","Arichcrook",11,2016-01-04 19:42:00,2310.01,TRUE
"477","p2744394","D Newton",120,2016-01-04 19:49:00,1877.5,FALSE
"478","p2744421","NORTON",50,2016-01-04 20:11:00,1903.72,FALSE
"479","p2744435","stormswami",27,2016-01-04 20:21:00,1730,FALSE
"480","p2744439","chasingadvice",14,2016-01-04 20:23:00,2228.88,TRUE
"481","p2744455","joe8d",4152,2016-01-04 20:35:00,2309.42,TRUE
"482","p2744462","friar1610",762,2016-01-04 20:39:00,1994.67,FALSE
"483","p2744470","RedRose",11,2016-01-04 20:44:00,2084,TRUE
"484","p2744476","Nukie",6,2016-01-04 20:47:00,2186.99,TRUE
"485","p2744485","fourwaystreet",79,2016-01-04 20:55:00,2312,TRUE
"486","p2744507","dh",168,2016-01-04 21:08:00,2199.99,TRUE
"488","p2744651","dianna",216,2016-01-04 22:58:00,2224,TRUE
"489","p2744666","MilitaryDoc",48,2016-01-04 23:09:00,2233.3,TRUE
"490","p2744672","Happygolucky",8,2016-01-04 23:16:00,2056.4,TRUE
"491","p2744684","Kathleen Ryan",608,2016-01-04 23:22:00,2133.41,TRUE
"492","p2744692","m2marti",11,2016-01-04 23:33:00,1986.52,FALSE
"493","p2744712","AcademicPeds",15,2016-01-04 23:48:00,2113.06,TRUE
"494","p2744727","Ricky Bobby",9,2016-01-05 00:17:00,1799.81,FALSE
"495","p2744856","baa_10",61,2016-01-05 08:12:00,2222.22,TRUE
"496","p2744881","deadlymonkey",56,2016-01-05 08:48:00,2173.53,TRUE
"497","p2744884","hrc84",30,2016-01-05 08:53:00,1989.88,FALSE
"498","p2744921","etc06",71,2016-01-05 09:27:00,2118,TRUE
"499","p2745188","NateH",501,2016-01-05 11:58:00,1717,FALSE
"500","p2745218","Planner",94,2016-01-05 12:19:00,2128,TRUE
"501","p2745322","P&C actuary",91,2016-01-05 13:22:00,1945.5491,FALSE
"502","p2745338","wvmtnbkr",57,2016-01-05 13:29:00,2269.8906,TRUE
"503","p2745354","apados",23,2016-01-05 13:35:00,1979.12,FALSE
"504","p2745371","bowest",96,2016-01-05 13:50:00,1900.5,FALSE
"505","p2745382","nmanieri",30,2016-01-05 13:57:00,2067.85,TRUE
"506","p2745405","mickeyd",4298,2016-01-05 14:12:00,2146.14,FALSE
"507","p2745408","bkweathe",115,2016-01-05 14:13:00,2187.03,TRUE
"508","p2745417","minerkj",11,2016-01-05 14:20:00,2040.78,TRUE
"509","p2745445","bmelikia",513,2016-01-05 14:34:00,1984.84,FALSE
"510","p2745483","Vilgan",141,2016-01-05 14:57:00,2281.14,TRUE
"511","p2745526","pjtallman",29,2016-01-05 15:31:00,2176.39,TRUE
"512","p2745529","Mingus",555,2016-01-05 15:32:00,1947.6,FALSE
"513","p2745534","RPC1976",29,2016-01-05 15:35:00,2252.9,TRUE
"514","p2745548","Hayden",839,2016-01-05 15:44:00,2925.83,TRUE
"515","p2745557","MarkNYC",1050,2016-01-05 15:50:00,1941,FALSE
"516","p2745561","wudged",4,2016-01-05 15:53:00,2180.2,TRUE
"517","p2745565","downshiftme",868,2016-01-05 15:56:00,1670.01,FALSE
"518","p2745588","integritetus",15,2016-01-05 16:16:00,2265.5,TRUE
"519","p2745658","Milo Bloom",33,2016-01-05 16:57:00,2385.48,TRUE
"520","p2745688","best2u",47,2016-01-05 17:17:00,2199.47,TRUE
"521","p2745746","Offshore",350,2016-01-05 17:48:00,2101.101,TRUE
"522","p2745794","saagar_is_cool",62,2016-01-05 18:18:00,2200,TRUE
"523","p2746343","kolarson",3,2016-01-06 02:09:00,1825,FALSE
"524","p2746386","tarheel",260,2016-01-06 06:16:00,1960.1,FALSE
"525","p2746389","japan4ever",11,2016-01-06 06:26:00,2500,TRUE
"526","p2746391","jambadoc",35,2016-01-06 06:30:00,1842,FALSE
"527","p2746478","vanguardrocks",24,2016-01-06 08:46:00,2109.75,TRUE
"528","p2746503","binvesting",59,2016-01-06 09:14:00,2050,TRUE
"529","p2746534","luv_ice_skating",2,2016-01-06 09:36:00,1969.46,FALSE
"530","p2746860","destinationnc",26,2016-01-06 13:11:00,1981,FALSE
"531","p2746874","chahn1",6,2016-01-06 13:21:00,2704.33,TRUE
"532","p2746896","peregrine",100,2016-01-06 13:37:00,1672.35,FALSE
"533","p2747370","VELO724X",66,2016-01-06 18:05:00,2135.92,TRUE
"534","p2747378","earlyout",1255,2016-01-06 18:10:00,2222,TRUE
"535","p2747671","Achelois",107,2016-01-06 21:21:00,2053.55,TRUE
"536","p2747674","RmeHyd8tion11",22,2016-01-06 21:22:00,1967.4,FALSE
"537","p2747699","P30doc",1,2016-01-06 21:40:00,2119.19,TRUE
"538","p2747745","b23",21,2016-01-06 22:09:00,2147,TRUE
"540","p2747762","second-guesser",129,2016-01-06 22:25:00,1798.62,FALSE
"541","p2747798","matthewf",1,2016-01-06 22:55:00,2187.43,TRUE
"542","p2747811","H-Dog",18,2016-01-06 23:05:00,1822.54,FALSE
"543","p2747851","ljm410",1,2016-01-06 23:34:00,2223.33,TRUE
"544","p2747893","Reb Tevye",62,2016-01-07 00:25:00,2400.01,TRUE
"545","p2747932","cb474",769,2016-01-07 01:30:00,2147.25,TRUE
"546","p2747935","White Coat Investor",12201,2016-01-07 01:38:00,1603.11,FALSE
"547","p2748163","kaudrey",763,2016-01-07 09:44:00,2150,TRUE
"549","p2748445","betahat",14,2016-01-07 12:17:00,2202.09,TRUE
"550","p2748465","Majormajor78",810,2016-01-07 12:27:00,1887.76,FALSE
"552","p2748828","Gary",144,2016-01-07 15:24:00,1478.99,FALSE
"553","p2748833","bobble",99,2016-01-07 15:26:00,2236.07,TRUE
"554","p2748846","Raunholt",7,2016-01-07 15:30:00,2145.85,TRUE
"556","p2748958","surfer1",233,2016-01-07 16:28:00,2040.24,TRUE
"557","p2748981","Roothy",96,2016-01-07 16:39:00,2023,FALSE
"558","p2748995","jonas",2,2016-01-07 16:48:00,2136.19,TRUE
"559","p2749027","mickens16",299,2016-01-07 17:12:00,1995.43,FALSE
"560","p2749117","BoilerUp",17,2016-01-07 18:14:00,1976.54,FALSE
"561","p2749184","adam1712",273,2016-01-07 18:53:00,1904.14,FALSE
"562","p2749197","SKchessplayer",1,2016-01-07 19:02:00,2016.5,FALSE
"563","p2749359","ToOLx",10,2016-01-07 21:11:00,2031.2,FALSE
"564","p2749394","marvesen",4,2016-01-07 21:37:00,2057.18,TRUE
"565","p2749397","karvesen",3,2016-01-07 21:38:00,2079.36,TRUE
"566","p2749440","PhillyBird",35,2016-01-07 22:06:00,1885.84,FALSE
"567","p2749455","IronHorse1928",59,2016-01-07 22:16:00,2120.46,TRUE
"568","p2749543","LateStarter1975",611,2016-01-07 23:22:00,1858.14,FALSE
"569","p2749636","JamesSFO",2685,2016-01-08 01:27:00,2191.36,TRUE
"570","p2749739","jeep725",22,2016-01-08 07:50:00,2110.3,TRUE
"571","p2749743","huluhuluhulu",2,2016-01-08 07:58:00,2109.87,TRUE
"572","p2749766","C8H18Engineer",140,2016-01-08 08:34:00,2105.26,TRUE
"573","p2749788","psystal",319,2016-01-08 08:59:00,2369,TRUE
"574","p2749808","Cuzz35",335,2016-01-08 09:13:00,2196.83,TRUE
"575","p2750173","donmichael",81,2016-01-08 12:41:00,2051.43,TRUE
"576","p2750196","villars",163,2016-01-08 12:49:00,2048,TRUE
"577","p2750208","Tyr0ne",63,2016-01-08 12:57:00,2026.13,FALSE
"578","p2750212","xjz",65,2016-01-08 13:00:00,6000.02,TRUE
"579","p2750214","Logan T",185,2016-01-08 13:02:00,2137.14,TRUE
"580","p2750564","gffisher",7,2016-01-08 16:23:00,2247.3,TRUE
"581","p2750590","JLJL",359,2016-01-08 16:35:00,1718.19,FALSE
"582","p2750835","thomas716",8,2016-01-08 19:24:00,1880.42,FALSE
"583","p2750841","HurdyGurdy",1118,2016-01-08 19:30:00,2201.02,TRUE
"584","p2750935","FundsABlazin",13,2016-01-08 20:41:00,2525,TRUE
"585","p2750950","billjohnson",618,2016-01-08 20:56:00,1979.15,FALSE
"586","p2750952","tainted-meat",628,2016-01-08 20:59:00,2202.62,TRUE
"587","p2750965","allovertheplace",3,2016-01-08 21:09:00,1885.01,FALSE
"588","p2751420","Frugalman",34,2016-01-09 10:01:00,2284.22,TRUE
"590","p2751487","whiskeymike",2,2016-01-09 10:40:00,2100,TRUE
"592","p2751654","Premier",34,2016-01-09 12:20:00,2050,TRUE
"593","p2751724","gotherelate",843,2016-01-09 13:04:00,1949,FALSE
"595","p2751941","Bushido1",38,2016-01-09 15:04:00,2204.76,TRUE
"596","p2751973","kite",82,2016-01-09 15:24:00,2250,TRUE
"597","p2752238","pinksocks",14,2016-01-09 18:49:00,1879.75,FALSE
"598","p2752256","neurodoc68",1,2016-01-09 19:03:00,2147,TRUE
"599","p2752298","Leadhead",13,2016-01-09 19:40:00,2287.25,TRUE
"600","p2752395","siamond",2587,2016-01-09 21:00:00,1903,FALSE
"602","p2752438","sawhorse",2559,2016-01-09 21:29:00,1948.06,FALSE
"603","p2752510","Nucstorm",1,2016-01-09 22:16:00,2101.54,TRUE
"604","p2752579","katnrica",48,2016-01-09 23:06:00,1897.5,FALSE
"605","p2752611","hoopy",108,2016-01-09 23:52:00,2323.23,TRUE
"606","p2752952","BolderBoy",2634,2016-01-10 11:27:00,2555,TRUE
"607","p2753281","PaulW",31,2016-01-10 15:12:00,1979.69,FALSE
"608","p2753477","Randy58",6,2016-01-10 18:13:00,2184.25,TRUE
"609","p2753649","no humbug",4,2016-01-10 20:33:00,2100.9,TRUE
"610","p2753715","Spaniel",6,2016-01-10 21:37:00,2104.29,TRUE
"611","p2753798","tnhooper45",85,2016-01-10 22:40:00,1877,FALSE
"613","p2753800","gwe67",88,2016-01-10 22:40:00,1672.17,FALSE
"614","p2753811","zaboomafoozarg",1729,2016-01-10 22:51:00,1865,FALSE
"615","p2753816","dokeeffe",49,2016-01-10 22:56:00,2016,FALSE
"617","p2753838","jidina80",729,2016-01-10 23:16:00,2261.6,TRUE
"619","p2753855","XdUzHa3NtSeIkBkIGPVn",33,2016-01-10 23:34:00,1532.82,FALSE
"620","p2753857","JDDS",881,2016-01-10 23:35:00,2012.98,FALSE
"621","p2753859","g9ujra",27,2016-01-10 23:37:00,1776,FALSE
"622","p2753861","rarvesen",44,2016-01-10 23:41:00,1850,FALSE
"624","p2753874","IlikeJackB",164,2016-01-10 23:57:00,1362.63,FALSE
"625","p2753875","VictoriaF",15978,2016-01-10 23:57:00,1991.03,FALSE
"2100","p3172646","*3!4!/5!",352,2017-01-01 12:12:00,2686.6,TRUE
"3100","p3172651","tycho",6,2017-01-01 12:14:00,2394.66,TRUE
"4100","p3172653","JamesSFO",2685,2017-01-01 12:15:00,2417.94,TRUE
"539","p3172657","snottypie",4,2017-01-01 12:16:00,2385.71,TRUE
"612","p3172659","Saphomd",155,2017-01-01 12:16:00,2350.77,TRUE
"710","p3172664","r60rider",21,2017-01-01 12:18:00,2248.99,FALSE
"810","p3172667","Randy58",6,2017-01-01 12:18:00,2332,TRUE
"910","p3172671","MarkS",33,2017-01-01 12:20:00,2168.49,FALSE
"1010","p3172672","Ace1",74,2017-01-01 12:20:00,2425.26,TRUE
"1110","p3172675","Bondman",17,2017-01-01 12:21:00,2126.89,FALSE
"1210","p3172677","k66",336,2017-01-01 12:21:00,3328.28,TRUE
"1310","p3172682","260chrisb",103,2017-01-01 12:24:00,2663,TRUE
"1410","p3172683","SquawkIdent",289,2017-01-01 12:24:00,2345.67,TRUE
"1510","p3172684","JPH",513,2017-01-01 12:25:00,2330.62,TRUE
"1610","p3172689","Daryl",245,2017-01-01 12:26:00,2323.23,TRUE
"1710","p3172690","calendario",1,2017-01-01 12:27:00,2435.06,TRUE
"1810","p3172693","JMacDonald",1901,2017-01-01 12:28:00,2288.08,TRUE
"1910","p3172694","Sheepdog",4477,2017-01-01 12:28:00,2126.94,FALSE
"2010","p3172699","bigmac22",6,2017-01-01 12:29:00,2654.3,TRUE
"2110","p3172703","indexfundfan",1734,2017-01-01 12:30:00,2413.46,TRUE
"2210","p3172707","theduke",589,2017-01-01 12:31:00,2238.83,FALSE
"2310","p3172713","Valence",26,2017-01-01 12:33:00,2295.27,TRUE
"2410","p3172715","mrtiger",9,2017-01-01 12:33:00,1875,FALSE
"2510","p3172718","spin_echo",146,2017-01-01 12:34:00,2138,FALSE
"2610","p3172722","Texas Radio",112,2017-01-01 12:34:00,1789.19,FALSE
"2710","p3172723","mikeast",137,2017-01-01 12:35:00,2555.55,TRUE
"2810","p3172724","MnD",2786,2017-01-01 12:35:00,2565.16,TRUE
"2910","p3172725","AE81",14,2017-01-01 12:35:00,1791.06,FALSE
"3010","p3172728","Levett",3989,2017-01-01 12:36:00,2126,FALSE
"3110","p3172732","FrugalFrida",90,2017-01-01 12:37:00,2420,TRUE
"3210","p3172737","Roverdog",475,2017-01-01 12:38:00,2449.05,TRUE
"3310","p3172740","Igglesman",433,2017-01-01 12:39:00,2142.75,FALSE
"3410","p3172742","rosylenm",3,2017-01-01 12:40:00,2354.54,TRUE
"3510","p3172743","Imageek2",11,2017-01-01 12:40:00,1689.5,FALSE
"3610","p3172744","CheeseFlip",13,2017-01-01 12:41:00,2222.22,FALSE
"3710","p3172745","bligh",119,2017-01-01 12:41:00,2364.1,TRUE
"3810","p3172749","tacster",244,2017-01-01 12:42:00,2418.94,TRUE
"3910","p3172752","EyeYield",464,2017-01-01 12:42:00,2326.55,TRUE
"4010","p3172754","hornet96",354,2017-01-01 12:44:00,2013.41,FALSE
"4110","p3172755","tennisplyr",1044,2017-01-01 12:44:00,2385.99,TRUE
"4210","p3172759","LadyGeek",34906,2017-01-01 12:45:00,2358.13,TRUE
"4310","p3172762","saltycaper",1696,2017-01-01 12:46:00,2491.34,TRUE
"4410","p3172764","mickeyd",4298,2017-01-01 12:46:00,2350.77,TRUE
"4510","p3172768","Azathoth",6,2017-01-01 12:47:00,2140.34,FALSE
"4610","p3172771","jfn111",726,2017-01-01 12:47:00,2126.1,FALSE
"4710","p3172773","Mel Lindauer",26328,2017-01-01 12:48:00,1835.35,FALSE
"4810","p3172774","jjbychko",2,2017-01-01 12:49:00,2017.17,FALSE
"4910","p3172775","tomd37",2467,2017-01-01 12:49:00,2188.46,FALSE
"50","p3172777","JWooden10",48,2017-01-01 12:50:00,2306,TRUE
"5110","p3172779","Dantes",81,2017-01-01 12:51:00,2327.23,TRUE
"5210","p3172780","dwickenh",287,2017-01-01 12:51:00,2356.87,TRUE
"5310","p3172783","Flymore",60,2017-01-01 12:51:00,2574.65,TRUE
"548","p3172784","ParkersPaPa",90,2017-01-01 12:51:00,2101.8,FALSE
"551","p3172787","Emilyjane",70,2017-01-01 12:52:00,2333,TRUE
"5610","p3172789","Mitty",2,2017-01-01 12:53:00,2297.05,TRUE
"5710","p3172792","rockonhumblepie",61,2017-01-01 12:54:00,1969.3,FALSE
"589","p3172794","gary11",140,2017-01-01 12:55:00,2442.43,TRUE
"591","p3172797","Water",3,2017-01-01 12:55:00,2194.37,FALSE
"601","p3172805","Derek2x",8,2017-01-01 12:58:00,2480,TRUE
"616","p3172806","JohnnyB",19,2017-01-01 12:58:00,2175.14,FALSE
"623","p3172807","auntie",261,2017-01-01 12:59:00,1944.2,FALSE
"631","p3172813","fishandgolf",22,2017-01-01 13:02:00,2418,TRUE
"641","p3172816","5rivers",5,2017-01-01 13:03:00,2213.19,FALSE
"661","p3172821","myford.m.lseven",13,2017-01-01 13:04:00,2305.16,TRUE
"671","p3172822","andy8921",9,2017-01-01 13:04:00,2574.65,TRUE
"681","p3172825","The Wizard",9249,2017-01-01 13:06:00,2435.85,TRUE
"691","p3172829","L.Washington",3,2017-01-01 13:07:00,2096.67,FALSE
"701","p3172831","Willmunny",18,2017-01-01 13:07:00,1997.45,FALSE
"711","p3172837","amp",146,2017-01-01 13:11:00,2117.91,FALSE
"721","p3172840","cametomysenses",4,2017-01-01 13:13:00,1951.08,FALSE
"731","p3172846","dotstar",21,2017-01-01 13:15:00,2309.13,TRUE
"741","p3172849","KingsBench",34,2017-01-01 13:16:00,2243,FALSE
"751","p3172851","aorin",26,2017-01-01 13:16:00,2507.13,TRUE
"761","p3172852","oldzey",490,2017-01-01 13:17:00,2452.3,TRUE
"771","p3172854","southport",141,2017-01-01 13:17:00,2427.56,TRUE
"781","p3172857","tnjj",17,2017-01-01 13:19:00,2619.43,TRUE
"791","p3172864","tyrnup13",37,2017-01-01 13:23:00,2151.17,FALSE
"801","p3172865","paper200",246,2017-01-01 13:23:00,1950,FALSE
"811","p3172866","FreeAtLast",444,2017-01-01 13:25:00,1841.62,FALSE
"821","p3172869","Compound",327,2017-01-01 13:26:00,2177.43,FALSE
"831","p3172871","bac573",67,2017-01-01 13:26:00,2184.2,FALSE
"841","p3172874","gips",210,2017-01-01 13:27:00,1420.5,FALSE
"851","p3172875","MrFrugal",11,2017-01-01 13:29:00,2270.01,TRUE
"861","p3172876","xystici",296,2017-01-01 13:30:00,1745.64,FALSE
"871","p3172878","bdavidson",102,2017-01-01 13:31:00,2899.99,TRUE
"881","p3172879","EveryDayI'mBoglein'",2,2017-01-01 13:31:00,2310.28,TRUE
"891","p3172881","S&L1940",1368,2017-01-01 13:32:00,2323.9,TRUE
"901","p3172883","gclancer",283,2017-01-01 13:33:00,2468.1,TRUE
"911","p3172890","Case59",27,2017-01-01 13:35:00,2357,TRUE
"921","p3172894","pjshen",7,2017-01-01 13:37:00,2020.01,FALSE
"931","p3172897","BTDT",696,2017-01-01 13:38:00,2438.49,TRUE
"941","p3172899","GoldenFinch",1024,2017-01-01 13:40:00,2305,TRUE
"951","p3172907","JDaniels",242,2017-01-01 13:44:00,2495.84,TRUE
"961","p3172908","telcodenizen",4,2017-01-01 13:44:00,1784.5,FALSE
"971","p3172912","vitaflo",660,2017-01-01 13:46:00,1976.28,FALSE
"981","p3172913","simplesimon",2796,2017-01-01 13:46:00,2000,FALSE
"991","p3172916","AQ",416,2017-01-01 13:47:00,2416.17,TRUE
"1001","p3172917","earlyout",1255,2017-01-01 13:48:00,2346.43,TRUE
"1011","p3172918","Miriam2",1213,2017-01-01 13:49:00,2240,FALSE
"1021","p3172919","mrc",560,2017-01-01 13:50:00,2207.49,FALSE
"1031","p3172920","nodenuff2",282,2017-01-01 13:51:00,2405.85,TRUE
"1041","p3172922","NightFall",166,2017-01-01 13:52:00,1420,FALSE
"1051","p3172933","carolinaman",2144,2017-01-01 13:57:00,2419.2,TRUE
"1061","p3172934","F150HD",373,2017-01-01 13:57:00,2417.76,TRUE
"1071","p3172939","feh",1002,2017-01-01 13:58:00,2429,TRUE
"1081","p3172949","BolderBoy",2634,2017-01-01 14:02:00,2552.27,TRUE
"1091","p3172952","veggivet",154,2017-01-01 14:04:00,2344.44,TRUE
"1101","p3172956","Drewman",69,2017-01-01 14:05:00,2584,TRUE
"1111","p3172960","Pursuitofquality",24,2017-01-01 14:06:00,2001.99,FALSE
"1121","p3172961","BrklynMike",18,2017-01-01 14:08:00,2351,TRUE
"1131","p3172964","madpunster",101,2017-01-01 14:11:00,2499.99,TRUE
"1141","p3172968","Silence Dogood",628,2017-01-01 14:13:00,2250,FALSE
"1151","p3172971","Emeralds",19,2017-01-01 14:13:00,1952.76,FALSE
"1161","p3172974","TxAg",917,2017-01-01 14:14:00,2500,TRUE
"1171","p3172987","gotherelate",843,2017-01-01 14:22:00,2388.32,TRUE
"1181","p3172991","Sparky1500",4,2017-01-01 14:24:00,2415.88,TRUE
"1191","p3172992","bloom2708",1166,2017-01-01 14:26:00,2577.27,TRUE
"1201","p3172995","binvesting",59,2017-01-01 14:27:00,2438.8,TRUE
"1211","p3172997","Lyrrad",15,2017-01-01 14:28:00,2411.38,TRUE
"1221","p3172999","sandramjet",74,2017-01-01 14:29:00,2417.96,TRUE
"1231","p3173001","Wricha",195,2017-01-01 14:29:00,2511.01,TRUE
"1241","p3173003","sabhen",51,2017-01-01 14:30:00,2350.77,TRUE
"1251","p3173005","Mudpuppy",4507,2017-01-01 14:31:00,2379.43,TRUE
"1261","p3173009","Gort",319,2017-01-01 14:34:00,2351.89,TRUE
"1271","p3173015","tuningfork",191,2017-01-01 14:36:00,2377,TRUE
"1281","p3173022","Salty1",84,2017-01-01 14:42:00,2361.97,TRUE
"129","p3173033","Wabbit",100,2017-01-01 14:49:00,2014,FALSE
"1301","p3173034","mattshwink",258,2017-01-01 14:49:00,2138.08,FALSE
"1311","p3173039","wannabogle",27,2017-01-01 14:52:00,2209.23,FALSE
"1321","p3173040","StormShadow",461,2017-01-01 14:53:00,2418.03,TRUE
"1331","p3173046","Christine_NM",2395,2017-01-01 14:58:00,2376.31,TRUE
"1341","p3173048","smartinwate",826,2017-01-01 15:01:00,2014.2,FALSE
"1351","p3173058","BigFoot48",2424,2017-01-01 15:05:00,2086.42,FALSE
"1361","p3173063","MoonOrb",643,2017-01-01 15:08:00,1588.45,FALSE
"1371","p3173067","unclescrooge",886,2017-01-01 15:09:00,2551.32,TRUE
"1381","p3173069","Call_Me_Op",6315,2017-01-01 15:10:00,2361.96,TRUE
"1391","p3173086","MsMSF",2,2017-01-01 15:19:00,2487.98,TRUE
"1401","p3173089","Steve K",42,2017-01-01 15:21:00,2348.53,TRUE
"1411","p3173095","trueblueky",1063,2017-01-01 15:24:00,2043.94,FALSE
"1421","p3173097","integritetus",15,2017-01-01 15:25:00,2482.19,TRUE
"1431","p3173099","artthomp",305,2017-01-01 15:26:00,2014.95,FALSE
"1441","p3173101","FrugalInvestor",4039,2017-01-01 15:28:00,2385.17,TRUE
"1451","p3173102","everyman3",1,2017-01-01 15:29:00,2700.01,TRUE
"1461","p3173104","Penn State Bob",40,2017-01-01 15:30:00,2469.21,TRUE
"1471","p3173118","locald00d",5,2017-01-01 15:38:00,2328.38,TRUE
"1481","p3173128","sergeant",477,2017-01-01 15:44:00,1997.55,FALSE
"1491","p3173140","goingup",1937,2017-01-01 15:53:00,2461,TRUE
"1501","p3173159","jane1",695,2017-01-01 16:09:00,1906,FALSE
"1511","p3173165","Geno",2,2017-01-01 16:14:00,2507.49,TRUE
"1521","p3173166","Longtermgrowth",133,2017-01-01 16:15:00,2492.45,TRUE
"1531","p3173171","nachos31",3,2017-01-01 16:17:00,2422.04,TRUE
"1541","p3173173","denovo",2849,2017-01-01 16:20:00,2121.21,FALSE
"1551","p3173176","Portfolio7",40,2017-01-01 16:21:00,2017,FALSE
"1561","p3173177","alisa4804",349,2017-01-01 16:22:00,2367.2,TRUE
"1571","p3173178","grabiner",18900,2017-01-01 16:22:00,1970.17,FALSE
"1581","p3173185","mark18068",31,2017-01-01 16:26:00,2379.43,TRUE
"1591","p3173188","chw",212,2017-01-01 16:29:00,2385.65,TRUE
"1601","p3173197","abuss368",10988,2017-01-01 16:34:00,2501,TRUE
"161","p3173200","bcjb",418,2017-01-01 16:36:00,2420.82,TRUE
"1621","p3173206","mdba73",13,2017-01-01 16:39:00,2043.38,FALSE
"1631","p3173207","oncorhynchus",107,2017-01-01 16:40:00,2395.55,TRUE
"1641","p3173208","Swampy",696,2017-01-01 16:42:00,2037.34,FALSE
"1651","p3173211","sambb",1392,2017-01-01 16:42:00,2006.37,FALSE
"1661","p3173212","raven15",170,2017-01-01 16:43:00,1212.12,FALSE
"1671","p3173221","PoppyA",263,2017-01-01 16:46:00,2462.66,TRUE
"1681","p3173224","vin44",4,2017-01-01 16:46:00,2222.2,FALSE
"1691","p3173225","Aptenodytes",3693,2017-01-01 16:47:00,2327.64,TRUE
"1701","p3173236","CABob",4118,2017-01-01 16:52:00,2400,TRUE
"1711","p3173241","whodidntante",1067,2017-01-01 16:56:00,2349.9,TRUE
"1721","p3173244","Dadarkar",145,2017-01-01 17:00:00,2026.26,FALSE
"1731","p3173245","jhwkr542",5,2017-01-01 17:01:00,2342.77,TRUE
"1741","p3173253","selftalk",832,2017-01-01 17:07:00,2529.88,TRUE
"1751","p3173257","4a757374696e",1,2017-01-01 17:10:00,2293.94,TRUE
"1761","p3173258","Nosmo",1,2017-01-01 17:10:00,2202.02,FALSE
"1771","p3173265","Terraplane",28,2017-01-01 17:14:00,2438.83,TRUE
"1781","p3173269","bpr",26,2017-01-01 17:15:00,2396.2,TRUE
"1791","p3173279","ebeard",135,2017-01-01 17:24:00,2059,FALSE
"1801","p3173282","moshe",389,2017-01-01 17:25:00,2389.98,TRUE
"1811","p3173285","clip651",191,2017-01-01 17:25:00,2464,TRUE
"1821","p3173287","snoopdoug1",221,2017-01-01 17:26:00,2317.37,TRUE
"1831","p3173289","jimmyq",74,2017-01-01 17:27:00,2431.11,TRUE
"1841","p3173292","Aflyfishnnut",1,2017-01-01 17:29:00,2437.63,TRUE
"1851","p3173293","JFanni",16,2017-01-01 17:29:00,2597,TRUE
"1861","p3173297","TIAX",494,2017-01-01 17:31:00,1970.18,FALSE
"1871","p3173305","badbreath",175,2017-01-01 17:35:00,2438.56,TRUE
"1891","p3173323","Display",22,2017-01-01 17:45:00,2465,TRUE
"1901","p3173329","inbox788",2975,2017-01-01 17:48:00,2395.5481,TRUE
"1911","p3173337","Spewin",126,2017-01-01 17:52:00,2678.9,TRUE
"1921","p3173352","Rowan Oak",11,2017-01-01 18:08:00,2493,TRUE
"1931","p3173355","honduranhurricane",17,2017-01-01 18:08:00,2574.75,TRUE
"1941","p3173358","elgob.bogle",662,2017-01-01 18:10:00,2351.82,TRUE
"1951","p3173359","fizxman",127,2017-01-01 18:11:00,2380.77,TRUE
"1961","p3173377","acejacksingh",299,2017-01-01 18:27:00,2461,TRUE
"1971","p3173382","Flobes",680,2017-01-01 18:30:00,2072.36,FALSE
"1981","p3173384","randomizer",194,2017-01-01 18:34:00,2298.33,TRUE
"1991","p3173398","Atomic",13,2017-01-01 18:41:00,2136.49,FALSE
"2011","p3173405","mhc",3263,2017-01-01 18:46:00,2163.74,FALSE
"2021","p3173411","TimeRunner",885,2017-01-01 18:48:00,2379.5,TRUE
"2031","p3173413","EnjoyIt",1125,2017-01-01 18:50:00,2496.29,TRUE
"2041","p3173415","BigMik",8,2017-01-01 18:50:00,1941.1,FALSE
"205","p3173419","Derby",39,2017-01-01 18:53:00,2559.11,TRUE
"2061","p3173421","TeamArgo",7,2017-01-01 18:54:00,1622,FALSE
"2071","p3173423","nhdean",152,2017-01-01 18:56:00,2514,TRUE
"2081","p3173428","nbseer",129,2017-01-01 18:57:00,2176.85,FALSE
"2091","p3173433","Johnny Thinwallet",37,2017-01-01 19:00:00,2487.56,TRUE
"2101","p3173438","teacher",911,2017-01-01 19:03:00,2468,TRUE
"2111","p3173440","DEZ1",45,2017-01-01 19:04:00,2190,FALSE
"2121","p3173448","Nearing_Destination",473,2017-01-01 19:09:00,2374.15,TRUE
"2131","p3173449","KarenC",21,2017-01-01 19:10:00,2359.68,TRUE
"2141","p3173460","ClaycordJCA",83,2017-01-01 19:19:00,2056.72,FALSE
"2151","p3173464","B3GINN3R",20,2017-01-01 19:21:00,2101.5,FALSE
"2161","p3173465","blueblock",607,2017-01-01 19:22:00,2375.4,TRUE
"2171","p3173476","Fallible",5671,2017-01-01 19:34:00,2160,FALSE
"2181","p3173483","OutInThirteen",345,2017-01-01 19:41:00,2294.8,TRUE
"2191","p3173492","sperry8",1140,2017-01-01 19:52:00,2089.72,FALSE
"2201","p3173493","snowshoes",300,2017-01-01 19:53:00,1977.725,FALSE
"2211","p3173495","josh1130",26,2017-01-01 19:53:00,2355.47,TRUE
"2231","p3173502","spth",99,2017-01-01 19:57:00,2005,FALSE
"2241","p3173503","sauron22333",4,2017-01-01 19:58:00,2601.5,TRUE
"2251","p3173505","grok87",7126,2017-01-01 19:59:00,2328,TRUE
"2261","p3173506","renter",302,2017-01-01 19:59:00,2632.37,TRUE
"2271","p3173509","Bruce",297,2017-01-01 20:00:00,2676.1,TRUE
"2281","p3173515","westcoast",142,2017-01-01 20:04:00,2441.41,TRUE
"2291","p3173523","Gropes & Ray",824,2017-01-01 20:08:00,2196.29,FALSE
"2301","p3173526","kumar6851",8,2017-01-01 20:08:00,2495,TRUE
"2311","p3173528","Pajamas",650,2017-01-01 20:09:00,1801,FALSE
"2321","p3173529","Dollarsign16",19,2017-01-01 20:10:00,2171.66,FALSE
"2331","p3173544","Cb",273,2017-01-01 20:23:00,2357,TRUE
"234","p3173547","camper",835,2017-01-01 20:25:00,2535.45,TRUE
"2351","p3173550","pennstater2005",2017,2017-01-01 20:27:00,2339.52,TRUE
"2361","p3173555","mudfud",1194,2017-01-01 20:33:00,1835.64,FALSE
"2371","p3173561","athan",70,2017-01-01 20:34:00,2134.56,FALSE
"2381","p3173562","gkaplan",6515,2017-01-01 20:35:00,1926.1,FALSE
"2391","p3173568","thomasbayarea",345,2017-01-01 20:37:00,2500.99,TRUE
"2401","p3173570","jbuzolich",154,2017-01-01 20:40:00,2421,TRUE
"2411","p3173572","TallBoy29er",148,2017-01-01 20:43:00,2392.86,TRUE
"2421","p3173578","MEA",70,2017-01-01 20:46:00,2775,TRUE
"2431","p3173583","goalie",138,2017-01-01 20:48:00,2017,FALSE
"2441","p3173585","jj",153,2017-01-01 20:49:00,2307.77,TRUE
"245","p3173587","johnriley",47,2017-01-01 20:49:00,1427.83,FALSE
"2461","p3173589","warowits",164,2017-01-01 20:50:00,2356.75,TRUE
"2471","p3173596","LazyNihilist",820,2017-01-01 20:55:00,2309.17,TRUE
"2481","p3173605","GreatOdinsRaven",348,2017-01-01 21:04:00,2417.91,TRUE
"2491","p3173612","Big Snack",26,2017-01-01 21:09:00,2369.13,TRUE
"2501","p3173615","CppCoder",241,2017-01-01 21:12:00,2398.18,TRUE
"2511","p3173618","billyo44",17,2017-01-01 21:14:00,2129.13,FALSE
"2521","p3173626","doglaws",10,2017-01-01 21:18:00,1895,FALSE
"2531","p3173635","Kitty Telltales",78,2017-01-01 21:25:00,2359.39,TRUE
"2541","p3173638","resurgemus",15,2017-01-01 21:27:00,2020.99,FALSE
"2551","p3173642","Grt2bOutdoors",15116,2017-01-01 21:27:00,2294.01,TRUE
"2561","p3173645","loveyourheart",7,2017-01-01 21:28:00,2496.48,TRUE
"2571","p3173650","amphora",174,2017-01-01 21:34:00,2011.33,FALSE
"2591","p3173657","neomutiny06",363,2017-01-01 21:37:00,1841,FALSE
"2601","p3173658","kinetic2255",7,2017-01-01 21:38:00,1929.08,FALSE
"2611","p3173661","Hopalong",4,2017-01-01 21:39:00,2470.99,TRUE
"2631","p3173708","Blister",65,2017-01-01 22:10:00,2481.13,TRUE
"2651","p3173724","dbltrbl",638,2017-01-01 22:18:00,1855.21,FALSE
"2661","p3173729","Silverado",66,2017-01-01 22:20:00,2440.69,TRUE
"2671","p3173733","schannel",6,2017-01-01 22:25:00,2017,FALSE
"2681","p3173735","MPAndy222",13,2017-01-01 22:26:00,2155.99,FALSE
"2691","p3173736","CUBuffs",115,2017-01-01 22:27:00,2299.99,TRUE
"2701","p3173747","FlyOverState",82,2017-01-01 22:36:00,2110,FALSE
"2711","p3173758","tooluser",78,2017-01-01 22:44:00,2462.71,TRUE
"2721","p3173761","Watty",9517,2017-01-01 22:47:00,2507.5,TRUE
"2731","p3173766","blueberry",133,2017-01-01 22:50:00,2500,TRUE
"2741","p3173770","tigerdoc93",50,2017-01-01 22:53:00,2429.13,TRUE
"2751","p3173775","basr518",17,2017-01-01 22:55:00,2300.28,TRUE
"2761","p3173776","ChapMan",128,2017-01-01 22:56:00,2296.32,TRUE
"2771","p3173778","samsmith",67,2017-01-01 22:57:00,1989.46,FALSE
"2781","p3173786","bulbul",87,2017-01-01 23:01:00,2438.68,TRUE
"2791","p3173795","stemikger",4024,2017-01-01 23:07:00,2298,TRUE
"2801","p3173814","joe8d",4152,2017-01-01 23:23:00,2309.42,TRUE
"2811","p3173820","triceratop",1441,2017-01-01 23:27:00,1679.12,FALSE
"2821","p3173831","Dendritic Tree",4,2017-01-01 23:35:00,2001.87,FALSE
"2831","p3173841","Jiu Jitsu Fighter",4,2017-01-01 23:41:00,1875,FALSE
"2841","p3173845","galectin",133,2017-01-01 23:47:00,2012.45,FALSE
"2851","p3173849","blinx77",130,2017-01-01 23:52:00,2605.31,TRUE
"2861","p3173853","Cwise",16,2017-01-01 23:54:00,2514.21,TRUE
"2871","p3173854","Caligal",25,2017-01-01 23:55:00,2316,TRUE
"2881","p3173856","bwb100",31,2017-01-01 23:55:00,2402.7,TRUE
"2891","p3173864","Sriracha",486,2017-01-02 00:02:00,2053.01,FALSE
"2901","p3173868","michaelsieg",517,2017-01-02 00:06:00,1648,FALSE
"2911","p3173876","6miths",598,2017-01-02 00:13:00,1942.02,FALSE
"2921","p3173880","Bertie",10,2017-01-02 00:17:00,1872,FALSE
"2931","p3173882","kiddoc",266,2017-01-02 00:24:00,1782.89,FALSE
"294","p3173890","analogsavior",20,2017-01-02 00:30:00,2413.82,TRUE
"2951","p3173895","BHCadet",390,2017-01-02 00:34:00,2447.48,TRUE
"2961","p3173913","scalar",1,2017-01-02 01:04:00,2349.83,TRUE
"2971","p3173930","HurdyGurdy",1118,2017-01-02 01:35:00,2417,TRUE
"2981","p3173934","Kalo",383,2017-01-02 01:47:00,2429.74,TRUE
"2991","p3173938","Minty",40,2017-01-02 01:56:00,2338.71,TRUE
"3001","p3173944","g$$",396,2017-01-02 02:09:00,2509.97,TRUE
"3011","p3173946","cudaman",350,2017-01-02 02:10:00,2326.14,TRUE
"3031","p3173984","ray.james",711,2017-01-02 03:56:00,2573.17,TRUE
"3041","p3173990","max12377",136,2017-01-02 04:32:00,2368.83,TRUE
"3051","p3173992","red5",728,2017-01-02 04:42:00,2350.44,TRUE
"3061","p3173995","naha66",94,2017-01-02 05:01:00,2362.85,TRUE
"3071","p3174005","henry A",36,2017-01-02 05:49:00,2605,TRUE
"3081","p3174007","just frank",898,2017-01-02 06:16:00,2623.14,TRUE
"3091","p3174012","happyisland",330,2017-01-02 06:33:00,2333.33,TRUE
"3101","p3174024","stickman731",215,2017-01-02 07:16:00,2544.98,TRUE
"3111","p3174033","JCE66",206,2017-01-02 07:26:00,2518.68,TRUE
"3121","p3174042","gypsydavey",1,2017-01-02 07:57:00,2375.17,TRUE
"3131","p3174043","AFdoc",28,2017-01-02 07:58:00,1790.04,FALSE
"3141","p3174052","blissed",3,2017-01-02 08:13:00,3088.44,TRUE
"3151","p3174061","weedf16",42,2017-01-02 08:20:00,2569.69,TRUE
"3161","p3174065","Grogs",306,2017-01-02 08:23:00,1869.02,FALSE
"3171","p3174067","D Newton",120,2017-01-02 08:25:00,1989.07,FALSE
"3181","p3174069","baa_10",61,2017-01-02 08:27:00,2423.67,TRUE
"3191","p3174072","AllAboard",15,2017-01-02 08:31:00,2434.34,TRUE
"3201","p3174078","ShadyOaks",4,2017-01-02 08:35:00,2421.07,TRUE
"3211","p3174083","goblue100",181,2017-01-02 08:39:00,1961.12,FALSE
"3221","p3174085","obafgkm",89,2017-01-02 08:40:00,2335.43,TRUE
"3231","p3174089","FRANK2009",266,2017-01-02 08:43:00,2305.9,TRUE
"3241","p3174093","cheese_breath",6920,2017-01-02 08:44:00,2118.18,FALSE
"3251","p3174108","Talisker",20,2017-01-02 08:54:00,2525.25,TRUE
"3261","p3174143","dolphintraveler",61,2017-01-02 09:25:00,1902.05,FALSE
"3271","p3174146","Nysinvestor",5,2017-01-02 09:28:00,2487.47,TRUE
"3281","p3174148","crg11",376,2017-01-02 09:30:00,2311,TRUE
"3291","p3174150","Tycoon",828,2017-01-02 09:31:00,2601.5,TRUE
"3301","p3174155","Brewman",41,2017-01-02 09:35:00,2353.5,TRUE
"3311","p3174177","Moolala",33,2017-01-02 09:48:00,2532.18,TRUE
"3321","p3174178","IFRider",49,2017-01-02 09:49:00,2321.13,TRUE
"3331","p3174181","MP1233",127,2017-01-02 09:51:00,2182.86,FALSE
"3341","p3174203","Info_Hound",233,2017-01-02 10:08:00,2371.1,TRUE
"3351","p3174206","cowboy",51,2017-01-02 10:10:00,2406.74,TRUE
"3361","p3174221","Sbashore",923,2017-01-02 10:22:00,2438.99,TRUE
"3371","p3174287","Cyclesafe",199,2017-01-02 11:00:00,2016,FALSE
"3381","p3174293","SimonJester",1011,2017-01-02 11:04:00,2485.1,TRUE
"3391","p3174297","dougger5",153,2017-01-02 11:06:00,2335.1,TRUE
"3401","p3174307","PedsDoc",25,2017-01-02 11:12:00,2574.65,TRUE
"3411","p3174308","dowse",196,2017-01-02 11:12:00,1791.064,FALSE
"3421","p3174322","dustytown",12,2017-01-02 11:19:00,1991.14,FALSE
"3431","p3174337","speedbump101",997,2017-01-02 11:36:00,2440.32,TRUE
"3441","p3174366","slowmoney",143,2017-01-02 11:54:00,2516.44,TRUE
"3451","p3174386","Texflier",11,2017-01-02 12:04:00,2507.49,TRUE
"3461","p3174393","pierremonfrere",89,2017-01-02 12:06:00,2115.69,FALSE
"3471","p3174398","shaX",64,2017-01-02 12:08:00,2421.18,TRUE
"3481","p3174405","Gary",144,2017-01-02 12:11:00,1478.99,FALSE
"3491","p3174421","boglesmkcents",77,2017-01-02 12:23:00,2451.13,TRUE
"3501","p3174434","Dan_NoVA",13,2017-01-02 12:30:00,2362.5,TRUE
"3511","p3174446","johnz1001",114,2017-01-02 12:35:00,2112.76,FALSE
"3521","p3174463","Raymond",1026,2017-01-02 12:42:00,2151.52,FALSE
"3531","p3174467","QuietProsperity",264,2017-01-02 12:43:00,2395.6,TRUE
"3541","p3174477","Premier",34,2017-01-02 12:48:00,2272,TRUE
"3551","p3174498","Tortuga",102,2017-01-02 13:06:00,2390,TRUE
"3561","p3174501","Jags4186",571,2017-01-02 13:08:00,2095.95,FALSE
"3571","p3174515","jazman12",72,2017-01-02 13:12:00,2362,TRUE
"358","p3174528","ff4930",19,2017-01-02 13:17:00,2356.23,TRUE
"3591","p3174534","mdrileynyc",101,2017-01-02 13:20:00,2287.68,TRUE
"3601","p3174539","jefmafnl",376,2017-01-02 13:23:00,1998,FALSE
"3611","p3174544","chauncey88",6,2017-01-02 13:25:00,2360.5,TRUE
"3631","p3174559","traveler90",194,2017-01-02 13:33:00,2178.15,FALSE
"3641","p3174582","Apophis",2,2017-01-02 13:49:00,2472.33,TRUE
"3661","p3174599","hirlaw",119,2017-01-02 13:55:00,2102.5,FALSE
"3671","p3174623","talltodd",127,2017-01-02 14:08:00,2328.38,TRUE
"3681","p3174671","bosman",7,2017-01-02 14:33:00,2533.65,TRUE
"3691","p3174683","ImmigrantSaver",19,2017-01-02 14:40:00,2487.04,TRUE
"3701","p3174688","Cash",1042,2017-01-02 14:43:00,2883.19,TRUE
"3711","p3174703","mikemagz11",4,2017-01-02 14:51:00,2432.69,TRUE
"3721","p3174730","HMI",8,2017-01-02 15:08:00,1643.44,FALSE
"3731","p3174743","SGM",1976,2017-01-02 15:13:00,2574.72,TRUE
"3741","p3174749","bilperk",518,2017-01-02 15:16:00,2394.67,TRUE
"3751","p3174761","TheMachine",1,2017-01-02 15:25:00,2323.12,TRUE
"3761","p3174819","Exhilarate",1,2017-01-02 16:04:00,2627.27,TRUE
"3771","p3174829","BarryZuckerkorn",40,2017-01-02 16:09:00,2059,FALSE
"3781","p3174857","froggy",46,2017-01-02 16:26:00,2414.22,TRUE
"3791","p3174886","djmbob",292,2017-01-02 16:48:00,1986.43,FALSE
"3801","p3174903","Mick",157,2017-01-02 17:00:00,2461.92,TRUE
"3811","p3174910","TravelforFun",453,2017-01-02 17:07:00,2570.18,TRUE
"3821","p3174955","jimcrawford01",48,2017-01-02 17:37:00,2260.38,TRUE
"3831","p3174966","bikeguyken",52,2017-01-02 17:44:00,2104.2,FALSE
"3841","p3174991","jamacq",161,2017-01-02 17:58:00,2511.16,TRUE
"3851","p3174994","bmelikia",513,2017-01-02 18:00:00,2372.12,TRUE
"3861","p3175024","30inMaryland",7,2017-01-02 18:20:00,1725,FALSE
"3871","p3175045","NYnative",332,2017-01-02 18:34:00,1762.4,FALSE
"3881","p3175099","runner9",1832,2017-01-02 19:09:00,2483,TRUE
"3891","p3175103","patrick013",1137,2017-01-02 19:12:00,2311.11,TRUE
"3901","p3175127","Markov",19,2017-01-02 19:31:00,2294.75,TRUE
"3911","p3175153","Indexfan89",15,2017-01-02 19:52:00,2452.54,TRUE
"3921","p3175163","jamrock06",12,2017-01-02 19:58:00,2641.81,TRUE
"3931","p3175178","toblerone",92,2017-01-02 20:08:00,2777.22,TRUE
"3941","p3175183","salmonshark",1,2017-01-02 20:11:00,2701.24,TRUE
"3951","p3175190","Will do good",391,2017-01-02 20:16:00,2439.89,TRUE
"3961","p3175198","jchris",56,2017-01-02 20:21:00,2373.14,TRUE
"3971","p3175217","burgrat",190,2017-01-02 20:37:00,2374.69,TRUE
"3981","p3175222","Livid408",17,2017-01-02 20:42:00,2322.14,TRUE
"3991","p3175228","matjen",1527,2017-01-02 20:46:00,2475,TRUE
"4001","p3175236","dave2589",41,2017-01-02 20:52:00,2399.76,TRUE
"4011","p3175265","finite_difference",446,2017-01-02 21:15:00,2356.194,TRUE
"4021","p3175272","basspond",746,2017-01-02 21:24:00,2320,TRUE
"4031","p3175274","WildBill",91,2017-01-02 21:26:00,2506.56,TRUE
"4041","p3175382","BigJohn",1235,2017-01-02 22:39:00,1956.89,FALSE
"4051","p3175388","assetsforallocation",11,2017-01-02 22:43:00,1567.89,FALSE
"4061","p3175391","Ice-9",1090,2017-01-02 22:45:00,1678.5,FALSE
"4071","p3175392","Saluki31",91,2017-01-02 22:46:00,2487.56,TRUE
"4081","p3175398","madbrain",4046,2017-01-02 22:51:00,6000,TRUE
"4101","p3175584","plats",370,2017-01-03 03:57:00,2909.4,TRUE
"4111","p3175636","kelvan80",8,2017-01-03 07:16:00,2345.67,TRUE
"4121","p3175645","tarheel",260,2017-01-03 07:31:00,2126.88,FALSE
"4131","p3175682","awizard",45,2017-01-03 08:33:00,2586.5,TRUE
"4141","p3175698","Jiri",1,2017-01-03 08:47:00,2981.35,TRUE
"4151","p3175704","scottwood2",3,2017-01-03 08:53:00,2127.36,FALSE
"4161","p3175720","C8H18Engineer",140,2017-01-03 09:04:00,2422,TRUE
"4171","p3175725","tnbison",91,2017-01-03 09:08:00,2537.64,TRUE
"4181","p3175747","packet",747,2017-01-03 09:25:00,2349.92,TRUE
"4191","p3175753","Groundhog",190,2017-01-03 09:29:00,2417.17,TRUE
"4201","p3175758","sls239",856,2017-01-03 09:33:00,2245,FALSE
"4211","p3175764","Da5id",857,2017-01-03 09:38:00,2392.14,TRUE
"4221","p3175780","larrydmsn",73,2017-01-03 09:50:00,2017.13,FALSE
"4231","p3175783","Nowizard",897,2017-01-03 09:54:00,2424.24,TRUE
"4241","p3175786","imbogled",110,2017-01-03 09:58:00,2468.99,TRUE
"4251","p3175795","SurferLife",156,2017-01-03 10:08:00,1919.89,FALSE
"4261","p3175823","rgarling",159,2017-01-03 10:38:00,2487.5,TRUE
"4271","p3175832","Frisco Kid",78,2017-01-03 10:45:00,2345.67,TRUE
"4281","p3175840","Rainmaker41",203,2017-01-03 10:48:00,2238.83,FALSE
"4291","p3175850","david9117",109,2017-01-03 10:53:00,2351.89,TRUE
"4301","p3175859","themesrob",19,2017-01-03 10:58:00,2339.76,TRUE
"4311","p3175863","PatrickA5",161,2017-01-03 11:01:00,2354.02,TRUE
"4321","p3175866","mevans154",35,2017-01-03 11:03:00,2385.97,TRUE
"4331","p3175873","bowest",96,2017-01-03 11:05:00,1845.45,FALSE
"434","p3175880","panhead",109,2017-01-03 11:09:00,2480.4,TRUE
"4351","p3175883","bf0123",20,2017-01-03 11:10:00,2116.69,FALSE
"4361","p3175889","slh4444",1,2017-01-03 11:15:00,2377.44,TRUE
"4371","p3175891","B. Wellington",38,2017-01-03 11:17:00,2361.1,TRUE
"4381","p3175895","pqwerty",16,2017-01-03 11:21:00,2286.28,TRUE
"4391","p3175900","pl28",11,2017-01-03 11:26:00,2344.87,TRUE
"440","p3175912","kgressler",53,2017-01-03 11:35:00,2536.58,TRUE
"4411","p3175939","ready2learn",22,2017-01-03 11:49:00,2020.54,FALSE
"4421","p3175985","humanities",18,2017-01-03 12:16:00,1789.07,FALSE
"4431","p3175997","aj76er",114,2017-01-03 12:23:00,2394.67,TRUE
"4441","p3176003","jpelder",529,2017-01-03 12:29:00,2400,TRUE
"4451","p3176008","maverick1968",13,2017-01-03 12:33:00,2349.17,TRUE
"4461","p3176012","nordsteve",526,2017-01-03 12:35:00,1923.71,FALSE
"4471","p3176017","Finn",70,2017-01-03 12:38:00,2150,FALSE
"448","p3176021","phantom0308",1,2017-01-03 12:40:00,1999.99,FALSE
"4491","p3176041","TomP10",101,2017-01-03 12:53:00,1865.74,FALSE
"4501","p3176136","KSAL889813",30,2017-01-03 13:39:00,2898.98,TRUE
"4511","p3176147","The Dan",162,2017-01-03 13:44:00,1818.36,FALSE
"4521","p3176159","pennywise777",12,2017-01-03 13:47:00,2133.66,FALSE
"4531","p3176198","DCA",4,2017-01-03 14:10:00,2241.63,FALSE
"4541","p3176223","knowledge",75,2017-01-03 14:22:00,2346.88,TRUE
"4551","p3176249","ChampCamp",16,2017-01-03 14:39:00,2181.9,FALSE
"4561","p3176260","Raladic",174,2017-01-03 14:46:00,2486.4,TRUE
"4571","p3176261","buccimane",60,2017-01-03 14:46:00,2387.41,TRUE
"4581","p3176279","barnaclebob",1553,2017-01-03 15:02:00,2525,TRUE
"4591","p3176296","luv_ice_skating",2,2017-01-03 15:10:00,2049.48,FALSE
"4601","p3176362","mickens16",299,2017-01-03 15:47:00,2478.09,TRUE
"4611","p3176366","nmanieri",30,2017-01-03 15:48:00,1986.31,FALSE
"4621","p3176388","Elsebet",236,2017-01-03 15:59:00,2511.98,TRUE
"4631","p3176393","BSsaver",4,2017-01-03 16:01:00,2230.11,FALSE
"4641","p3176415","minesweep",1055,2017-01-03 16:11:00,2544.88,TRUE
"4651","p3176421","remomnyc",172,2017-01-03 16:14:00,1961.05,FALSE
"4661","p3176424","tedclu",157,2017-01-03 16:17:00,1918.57,FALSE
"4671","p3176441","friar1610",762,2017-01-03 16:26:00,2454.26,TRUE
"4681","p3176444","FamilyGuy87",14,2017-01-03 16:26:00,2482.22,TRUE
"4691","p3176448","mc7",20,2017-01-03 16:29:00,2381.7,TRUE
"4701","p3176450","Peter Foley",3556,2017-01-03 16:30:00,2242.42,FALSE
"4711","p3176465","Charizard",1,2017-01-03 16:40:00,1963.87,FALSE
"4721","p3176497","vanguardrocks",24,2017-01-03 16:55:00,2316.19,TRUE
"4731","p3176516","bengal22",1153,2017-01-03 17:02:00,2357.22,TRUE
"4741","p3176525","Pete12",111,2017-01-03 17:07:00,2411.22,TRUE
"4751","p3176528","jf89",304,2017-01-03 17:09:00,2458.78,TRUE
"4761","p3176585","hamishdad",304,2017-01-03 17:46:00,1979.5,FALSE
"4771","p3176586","tekenn",19,2017-01-03 17:46:00,2100.01,FALSE
"4781","p3176603","slazers",2,2017-01-03 17:57:00,2446.62,TRUE
"4791","p3176607","niceguy7376",1648,2017-01-03 17:59:00,2017.31,FALSE
"4801","p3176633","Hukedonfonix4me",30,2017-01-03 18:21:00,2429.31,TRUE
"4811","p3176652","quantAndHold",841,2017-01-03 18:36:00,2720.01,TRUE
"4821","p3176674","Fiddle-Bow",9,2017-01-03 18:49:00,2449.74,TRUE
"4831","p3176731","Lucky Lemon",47,2017-01-03 19:21:00,1969.22,FALSE
"4841","p3176748","Marker",4,2017-01-03 19:34:00,2440.17,TRUE
"4851","p3176789","celia",5063,2017-01-03 19:57:00,2764.272,TRUE
"4861","p3176864","runner26",451,2017-01-03 20:41:00,2325.81,TRUE
"487","p3177030","StevieG72",290,2017-01-03 21:59:00,2507.83,TRUE
"4881","p3177063","P&C actuary",91,2017-01-03 22:16:00,2202.99,FALSE
"4891","p3177065","second-guesser",129,2017-01-03 22:17:00,2034,FALSE
"4911","p3177096","Lou354",288,2017-01-03 22:36:00,2347.14,TRUE
"4921","p3177136","raymclean",52,2017-01-03 23:02:00,2570,TRUE
"4931","p3177157","Bastiat",24,2017-01-03 23:26:00,2348.76,TRUE
"4941","p3177161","stlutz",3462,2017-01-03 23:29:00,2077.2,FALSE
"4951","p3177212","FinancialDave",1443,2017-01-04 00:12:00,2497.3,TRUE
"4961","p3177217","RN2010",6,2017-01-04 00:17:00,2488.26,TRUE
"4971","p3177221","NateH",501,2017-01-04 00:22:00,2685,TRUE
"4981","p3177242","rr2",980,2017-01-04 00:52:00,2011.02,FALSE
"4991","p3177250","noraz123",117,2017-01-04 01:03:00,2400.17,TRUE
"5001","p3177255","downshiftme",868,2017-01-04 01:11:00,2032.83,FALSE
"5011","p3177293","giesen5",111,2017-01-04 02:04:00,2369.84,TRUE
"5031","p3177437","parsi1",197,2017-01-04 09:09:00,2365,TRUE
"5041","p3177447","RadAudit",2294,2017-01-04 09:19:00,2325.57,TRUE
"5051","p3177454","Wolfpacker",5,2017-01-04 09:26:00,1985.49,FALSE
"5071","p3177501","kaudrey",763,2017-01-04 09:51:00,2313.13,TRUE
"5081","p3177623","Milo Bloom",33,2017-01-04 10:55:00,2355.25,TRUE
